Date,Open,High,Low,Close,Volume
2011/1/3,71.5,71.6,70.8,71.1,35747
2011/1/4,71,71.6,70.8,71.2,36048
2011/1/5,70.9,71.1,69.6,69.8,54327
2011/1/6,69.8,71,69.7,71,46802
2011/1/7,71.9,73,71.9,72.5,170328
2011/1/10,73,74.2,72.6,74.2,69703
2011/1/11,74.1,74.9,73.8,74.5,82758
2011/1/12,74.7,75,74.7,74.9,53637
2011/1/13,75.1,75.3,74.2,74.6,93105
2011/1/14,74.4,74.8,74.1,74.8,29817
2011/1/17,75.4,75.9,75.3,75.8,67400
2011/1/18,75.5,77.4,75.2,76.8,57357
2011/1/19,76.9,78.3,76.6,78,87297
2011/1/20,77,77,76.1,76.4,43718
2011/1/21,74,75.2,74,74.6,81475
2011/1/24,75.2,75.4,74.6,75.3,46169
2011/1/25,75.9,75.9,74.9,75,50794
2011/1/26,74.6,75.2,74.3,74.6,66830
2011/1/27,74.9,75.4,74.8,75.2,69892
2011/1/28,75.2,76.9,74.9,76.3,110404
2011/2/8,77,77,74.8,75.5,110969
2011/2/9,75.5,75.6,73.8,73.8,81246
2011/2/10,73.1,73.4,72,72,83632
2011/2/11,72.2,72.4,70.9,71.4,112430
2011/2/14,72,72.9,71.5,72.5,66889
2011/2/15,72.4,73.1,71.4,72.5,56495
2011/2/16,72.4,72.7,71.9,72.1,54423
2011/2/17,72.4,72.9,71.6,72.5,49330
2011/2/18,73.1,73.9,73,73,74599
2011/2/21,73.1,73.4,72.3,73.4,39070
2011/2/22,72.2,72.5,71.2,72.5,82661
2011/2/23,71.5,71.9,70.5,71,80262
2011/2/24,71,71.4,70.5,70.5,62768
2011/2/25,70.6,71.1,69.9,70.5,78873
2011/3/1,70,71.8,70,71.4,84618
2011/3/2,70.8,71,70.4,70.4,53047
2011/3/3,70.1,71.6,70.1,70.8,59498
2011/3/4,71.5,72,71.3,71.8,60659
2011/3/7,71.6,71.7,70.9,70.9,30172
2011/3/8,70.5,71.8,70.5,71.5,55818
2011/3/9,72.2,72.2,71.1,71.4,46796
2011/3/10,72.1,72.1,70.1,70.5,64180
2011/3/11,70,70.6,69.5,70,52600
2011/3/14,70.3,70.5,69.1,70.3,48041
2011/3/15,70,70.1,66.2,68,117025
2011/3/16,68.8,69.1,68.1,68.5,62389
2011/3/17,66.8,67.5,65.7,67.4,105442
2011/3/18,67.8,68.4,67.2,68.3,55721
2011/3/21,68.3,69.1,68,69,36534
2011/3/22,69.5,69.5,68.4,68.6,34736
2011/3/23,69.1,69.1,68.1,68.7,31238
2011/3/24,69.1,70.1,69,69.4,44747
2011/3/25,70.4,71.2,70,71.2,51712
2011/3/28,70.6,71,70.3,71,31030
2011/3/29,70.6,71.2,70.4,70.8,34871
2011/3/30,70.3,70.8,70,70.3,60975
2011/3/31,71,71,70,70.6,46429
2011/4/1,70.7,70.8,70.1,70.7,30274
2011/4/6,71.5,72.9,71.5,72.9,114460
2011/4/7,73,73,72.3,72.8,45215
2011/4/8,72.9,73,72.4,72.9,65763
2011/4/11,73,73,70.9,71.1,62602
2011/4/12,70.5,70.7,70.1,70.1,45964
2011/4/13,70.1,70.8,70,70.7,27891
2011/4/14,70.3,70.5,69.6,69.8,53756
2011/4/15,70,70,69.1,69.2,52231
2011/4/18,69.8,69.8,68.8,69,27185
2011/4/19,68.5,68.5,68,68.1,42733
2011/4/20,69,69.8,68.5,69.8,48244
2011/4/21,70.7,71.3,70.3,70.7,50937
2011/4/22,70.9,71,70.3,70.9,25371
2011/4/25,71,71.1,70.1,70.3,22103
2011/4/26,69.7,70.3,69.1,70.3,31931
2011/4/27,71.5,72.7,71.5,72.3,59307
2011/4/28,73.4,73.7,72.9,73,83614
2011/4/29,73.7,73.9,72.9,73.2,93588
2011/5/3,73.9,74.8,73.6,74.6,81669
2011/5/4,74.4,74.4,73,73.8,46678
2011/5/5,74,74.8,73.6,74.8,45484
2011/5/6,75,75.6,74.4,75,54111
2011/5/9,75.6,76.1,75.2,75.5,64708
2011/5/10,75.6,75.6,74.4,74.4,43355
2011/5/11,75.3,75.3,74.6,75,43256
2011/5/12,74.2,76,74.1,75.7,59055
2011/5/13,76,76.1,75.5,75.9,40118
2011/5/16,75.9,75.9,74.7,74.9,34105
2011/5/17,74.6,76,74.6,75.6,41402
2011/5/18,75.3,75.8,74.9,75.3,28263
2011/5/19,74.9,76.3,74.9,75.2,58823
2011/5/20,76,76,74.9,75.5,33000
2011/5/23,74.7,75.5,74.5,75.1,39033
2011/5/24,74.9,75.1,74.2,74.8,34788
2011/5/25,74.2,74.9,73.3,74.5,59580
2011/5/26,75,75,74,74.2,33240
2011/5/27,73.8,74.5,73.8,74,49929
2011/5/30,74,75.3,74,75.1,33733
2011/5/31,75.5,76.9,75.4,76.7,62918
2011/6/1,76.3,77.3,76.3,77,45321
2011/6/2,76.3,77.4,76.3,76.4,61881
2011/6/3,77,77.2,76.1,77.2,36770
2011/6/7,77.2,78.2,76.6,77.5,41425
2011/6/8,77.1,78,77.1,77.5,58253
2011/6/9,78,78,76.8,76.9,36964
2011/6/10,77,77.5,75.1,75.3,55348
2011/6/13,74.5,75,73.9,74.7,72548
2011/6/14,74.5,76.4,74.5,76.2,52975
2011/6/15,77,77.4,76.1,77,91840
2011/6/16,76,76.2,75.4,75.5,63134
2011/6/17,75,75.1,74.1,74.2,91732
2011/6/20,74.6,75.4,74.1,74.9,31787
2011/6/21,75.4,76.2,75.3,75.9,42663
2011/6/22,76.3,76.3,74.6,75,46702
2011/6/23,74.7,74.9,73.8,74.2,70233
2011/6/24,73.6,73.6,71.9,72.9,86769
2011/6/27,72,72.1,71.6,72,65176
2011/6/28,72.1,72.6,71.8,72.5,101716
2011/6/29,70.9,72.1,70.4,71.4,93105
2011/6/30,71.4,72.2,71.3,72.2,48913
2011/7/1,72.2,73,72,72.8,41924
2011/7/4,73.9,73.9,73.1,73.5,44330
2011/7/5,73.2,73.3,72.4,73.2,39009
2011/7/6,73.2,73.4,72.5,72.8,43443
2011/7/7,72.1,72.3,71.5,71.6,47743
2011/7/8,72.1,72.8,72,72.5,52961
2011/7/11,72.6,72.6,70.2,71.3,52112
2011/7/12,70.6,70.8,70.1,70.3,40008
2011/7/13,70.5,72.5,70.1,72.2,69109
2011/7/14,70.5,71.4,70.1,70.7,54411
2011/7/15,70,70.2,69.5,69.9,89121
2011/7/18,69.7,70.2,69.4,69.7,37965
2011/7/19,69.6,69.8,68.5,68.5,57459
2011/7/20,69.7,71.7,69.4,71.6,58272
2011/7/21,71.4,71.6,70.6,71.6,33277
2011/7/22,72.4,72.4,71.7,72,38243
2011/7/25,72.4,72.5,71.4,72,34963
2011/7/26,72.3,73.7,72.3,73.7,53159
2011/7/27,73.7,73.9,73,73.4,45636
2011/7/28,72.8,73.4,72.3,73,33720
2011/7/29,71.8,72.4,71.3,72,60692
2011/8/1,72,72.8,72,72.6,41138
2011/8/2,72,72.1,71.2,71.4,33521
2011/8/3,70.1,70.5,69.8,70.1,46025
2011/8/4,69.6,70.7,69.6,70,45103
2011/8/5,66,68,66,66.6,89690
2011/8/8,66,67.4,64,65.2,97536
2011/8/9,62.5,65.1,62.2,63.3,116036
2011/8/10,65.1,67,65,65.8,109804
2011/8/11,64.6,66.8,64,66.4,54377
2011/8/12,67.2,67.6,65.1,65.1,64348
2011/8/15,66.9,66.9,65.9,66.8,40240
2011/8/16,66.8,66.8,66,66,39029
2011/8/17,66,66.2,65.3,65.8,35881
2011/8/18,65.8,65.8,63.3,64.4,73320
2011/8/19,63.1,63.9,63,63.9,49269
2011/8/22,63.6,65.5,63,65,46371
2011/8/23,65,67.1,65,66.8,46548
2011/8/24,67.7,67.7,66.4,67.5,50480
2011/8/25,67.4,67.6,66.4,67,30883
2011/8/26,67.1,68.3,67,67.9,40513
2011/8/29,68.6,69.9,68.1,69.4,38635
2011/8/30,70.3,70.3,68.6,69,33757
2011/8/31,69.1,69.4,67.8,69.4,47789
2011/9/1,69.4,69.8,68.6,68.6,47994
2011/9/2,69.5,69.5,67.1,67.5,44964
2011/9/5,66.1,67.1,65.9,66.6,49912
2011/9/6,66.5,67.2,66.1,66.1,40850
2011/9/7,67,68.6,66.8,68.6,40117
2011/9/8,69.6,69.6,68.4,68.7,43046
2011/9/9,69.5,70.1,68.9,69.3,38350
2011/9/13,69.6,70,68.4,68.4,34951
2011/9/14,69.5,69.6,66.9,67.2,60845
2011/9/15,69,69.8,68.5,69.1,44236
2011/9/16,70.4,72,70.3,71.1,78609
2011/9/19,71.4,71.7,70.7,71.2,28798
2011/9/20,71,71.7,69.7,70.5,46911
2011/9/21,71,72.1,70.9,72,54414
2011/9/22,70.2,70.5,69,69,64921
2011/9/23,68.2,68.9,67.4,67.5,89409
2011/9/26,67.7,68.3,66.9,67.2,61686
2011/9/27,68.9,70.2,68.7,69.9,56719
2011/9/28,70.8,70.9,69.8,70.3,46783
2011/9/29,69.6,70.9,69.3,70.3,39956
2011/9/30,70.3,70.8,69,70,60517
2011/10/3,70,70,68.1,68.6,33968
2011/10/4,70,70,68.2,69.1,36568
2011/10/5,68.9,69.7,68.7,69.1,36349
2011/10/6,69.7,69.9,68.7,69,57263
2011/10/7,69.5,69.6,68.7,69.1,47924
2011/10/11,70,70.4,69.6,70,55726
2011/10/12,70.5,70.5,69.6,70.4,41639
2011/10/13,69.8,70.4,68.8,70.4,58476
2011/10/14,70.8,70.8,69.9,70.3,38790
2011/10/17,70.8,71.1,70.5,71.1,39053
2011/10/18,70.1,70.7,70,70.7,25859
2011/10/19,71,71.1,70.2,71.1,32281
2011/10/20,70.5,70.7,69.6,69.7,27287
2011/10/21,70.7,70.7,69.6,70.3,17965
2011/10/24,71.2,71.9,71.2,71.7,50146
2011/10/25,71.8,72,71,71.5,43178
2011/10/26,71.4,72,71.1,71.9,25727
2011/10/27,72,72.2,71.4,71.9,39438
2011/10/28,73.5,74,72.1,73.1,93382
2011/10/31,73.5,73.8,73.1,73.6,46791
2011/11/1,73.5,74,73,73.8,37363
2011/11/2,73.1,73.9,72.4,73.9,34693
2011/11/3,74.2,74.2,72.3,73.5,43447
2011/11/4,74.5,74.9,73.9,74.6,57309
2011/11/7,75,75.2,74.3,75,29685
2011/11/8,75,75,74,74.5,21482
2011/11/9,74.9,74.9,74.1,74.1,20575
2011/11/10,72.5,73.4,72.5,72.6,49448
2011/11/11,73.5,73.6,72.6,73.4,27527
2011/11/14,74.9,76,74.6,75.9,63725
2011/11/15,75.5,76,75,76,37165
2011/11/16,76,76,74.9,75.4,39988
2011/11/17,75.2,76,74.8,75.7,34944
2011/11/18,75,75.2,73.7,74.2,56459
2011/11/21,73.2,73.9,73,73.3,23406
2011/11/22,75.2,75.2,73.8,74,47492
2011/11/23,74,74.5,73.1,73.4,43984
2011/11/24,72.9,73.2,72.6,72.8,47608
2011/11/25,73,73.3,71.3,71.6,38314
2011/11/28,71.6,74.4,71.6,73.6,34957
2011/11/29,73.8,74.2,72.9,73.6,42724
2011/11/30,74,74.6,73,74.6,51449
2011/12/1,75.5,76.6,75.5,76.6,78593
2011/12/2,76.6,76.8,75.4,76,35343
2011/12/5,76,76.3,75.4,76.3,30150
2011/12/6,76.3,76.3,75.3,75.4,43140
2011/12/7,76.5,76.5,75.4,76.4,40912
2011/12/8,76.7,76.7,75.3,76.3,31710
2011/12/9,76,76,73.5,74.1,42027
2011/12/12,75.1,75.2,74.1,75,28589
2011/12/13,73.7,75.2,73.7,75.2,31354
2011/12/14,75.1,75.1,73.9,74.5,29240
2011/12/15,74.1,74.1,72.5,72.5,36001
2011/12/16,72.8,73.4,72.5,72.7,22604
2011/12/19,73.5,73.5,72,72.5,24542
2011/12/20,72.9,72.9,72,72.8,27359
2011/12/21,74.9,76,74.1,76,54091
2011/12/22,75.3,75.5,74.4,75,26771
2011/12/23,75.8,75.8,74.6,75.4,30276
2011/12/26,75.4,75.5,74.7,75,11335
2011/12/27,74.8,75.5,74.7,75.5,14641
2011/12/28,75.3,75.7,74.9,75.7,20046
2011/12/29,75.4,75.9,75.2,75.8,24790
2011/12/30,75.7,75.9,74.9,75.8,32283
2012/1/2,75,75.4,74.7,75,14945
2012/1/3,75.5,75.9,75.2,75.7,21223
2012/1/4,76.1,76.1,75.5,75.8,34126
2012/1/5,76,76,75.3,76,28076
2012/1/6,75.9,75.9,74.9,75.6,30123
2012/1/9,75.2,75.6,74.6,75.6,27655
2012/1/10,76,76.5,75.8,76.5,62064
2012/1/11,76.8,77,76.1,76.5,44295
2012/1/12,76.7,77.1,76.5,77,55520
2012/1/13,77.2,78,77,77.5,57757
2012/1/16,76.1,76.9,74.6,75.3,37711
2012/1/17,75.9,75.9,74.9,75.6,43995
2012/1/18,75.9,76.7,75.6,76.7,57181
2012/1/30,78,79.5,77.2,78.7,147548
2012/1/31,78.1,78.5,76.3,78.5,87917
2012/2/1,77.5,77.7,76.7,77,47222
2012/2/2,77.5,77.5,76.1,76.8,54065
2012/2/3,76.3,76.4,75.6,76.2,49361
2012/2/4,76.4,76.7,76,76.5,22960
2012/2/6,77.3,77.5,76.6,77.4,47596
2012/2/7,77.5,77.5,76.8,77.4,30008
2012/2/8,77.5,77.5,76.9,77.5,35600
2012/2/9,77,78,76.5,78,70988
2012/2/10,78,78,76.7,76.9,47270
2012/2/13,76.4,77.1,76.2,76.6,36415
2012/2/14,77.1,77.4,76.2,77.3,42110
2012/2/15,77.6,78.5,77.6,78.5,71500
2012/2/16,78.5,78.9,78,78.5,59907
2012/2/17,79.5,81.1,79.4,80,78979
2012/2/20,80.6,80.8,79.7,80,31810
2012/2/21,80,80,79.3,80,28138
2012/2/22,79.9,80,79,79.7,41142
2012/2/23,79,79.4,77.7,78.1,59975
2012/2/24,77.5,79.1,77.2,79.1,41026
2012/2/29,80.2,81.1,79.4,81.1,78339
2012/3/1,81,81,80.1,80.1,21239
2012/3/2,80,80.1,79.2,80,23912
2012/3/3,79.1,79.6,79.1,79.3,7341
2012/3/5,78.7,79.6,78.5,78.9,22825
2012/3/6,79.6,79.6,78.3,79.5,27779
2012/3/7,79,79.3,78.7,79.1,30335
2012/3/8,79.8,80.2,79.2,79.7,36967
2012/3/9,79.5,80,78.8,80,22731
2012/3/12,80.2,80.5,79.6,80,28952
2012/3/13,80.6,81.3,80.1,81.3,48137
2012/3/14,82.4,83.2,82,83.2,63309
2012/3/15,83.2,83.2,82.5,83.2,30609
2012/3/16,83.2,83.8,81.1,81.1,29210
2012/3/19,83.7,84.2,82.4,83.7,37508
2012/3/20,84,84.1,82.8,83.2,30105
2012/3/21,84.8,85.2,83.8,84.9,76183
2012/3/22,85,85.7,84.3,85.2,38057
2012/3/23,85,85.4,84.4,85.4,29495
2012/3/26,85.1,85.1,82.5,83.6,59940
2012/3/27,85,85.8,84.3,85.8,38560
2012/3/28,86.5,86.5,84.6,85.5,28304
2012/3/29,84.5,84.5,83.4,84.1,49939
2012/3/30,83.7,84.9,82.9,84.9,43825
2012/4/2,84.8,85.2,84,85.1,23685
2012/4/3,85,85,83.8,85,31283
2012/4/5,83.3,84,83.1,83.1,47674
2012/4/6,84,84,83.1,83.8,34112
2012/4/9,82,83.6,82,83,23247
2012/4/10,83.1,83.5,81.8,82,33387
2012/4/11,82,83.5,81.7,82.4,40770
2012/4/12,82.5,82.7,81.5,82.6,39454
2012/4/13,83.4,85,82.7,84.9,44743
2012/4/16,84.6,85,83.8,84.9,19776
2012/4/17,84.9,84.9,83.4,83.8,29502
2012/4/18,85,85,84.4,85,32818
2012/4/19,84.5,85.8,84.3,85.8,31617
2012/4/20,85,85.7,84.1,84.3,29213
2012/4/23,84.2,84.6,83.4,84.3,20351
2012/4/24,83.8,84.6,83.6,84.6,33319
2012/4/25,84.9,84.9,83.9,84.2,49611
2012/4/26,84.2,84.2,83.5,84,21066
2012/4/27,87,89.8,86,86,118848
2012/4/30,86.3,87.4,85.7,86.8,47647
2012/5/2,87,88.9,86.8,88.4,48249
2012/5/3,88.4,89,87.9,88.9,27728
2012/5/4,86.7,88,86.7,87.6,37719
2012/5/7,86.5,86.5,85,85.6,47917
2012/5/8,86,86,84.4,84.4,45836
2012/5/9,83.9,85.2,83.5,84.6,41263
2012/5/10,85,85.7,84.3,85.3,28688
2012/5/11,85.7,85.7,84.5,85.5,33627
2012/5/14,84.8,85.5,84.8,85.4,14135
2012/5/15,85.4,85.7,84.1,85.5,30739
2012/5/16,84.2,84.5,83.4,83.4,65470
2012/5/17,84.8,85.1,84.1,85.1,33657
2012/5/18,83.9,83.9,81.8,81.8,57620
2012/5/21,81,82.8,81,82.5,32414
2012/5/22,82.7,82.9,82.2,82.2,33977
2012/5/23,81,81.2,79,79.1,63269
2012/5/24,78.9,80.6,78.1,80.6,40984
2012/5/25,79.8,80.5,79.2,80,28279
2012/5/28,80,81.7,79.8,81.6,30137
2012/5/29,82.5,83.2,82,82.3,41171
2012/5/30,81.6,82,80.3,81.7,75751
2012/5/31,80.5,85.1,79.7,85.1,89332
2012/6/1,81.7,81.7,79.9,79.9,66924
2012/6/4,76.5,77.1,76.1,76.5,66008
2012/6/5,77.5,78.2,77.2,78.2,37616
2012/6/6,78.2,78.6,77.5,77.8,33715
2012/6/7,79.4,79.8,78.6,79.8,47699
2012/6/8,77,78.7,77,77.9,35987
2012/6/11,79.9,80.5,79.6,80.4,40596
2012/6/12,78.5,79.8,78.5,79.4,38319
2012/6/13,80.8,80.8,79.5,80,32284
2012/6/14,80,80.2,79.1,79.2,31161
2012/6/15,79.2,79.5,78.1,78.1,89900
2012/6/18,80,81,80,80.8,33737
2012/6/19,80.9,80.9,80,80.5,28910
2012/6/20,81.3,81.6,80.5,81.6,35326
2012/6/21,80.5,81,80.3,80.6,27063
2012/6/22,80,81,79.9,80.1,31117
2012/6/25,80.8,80.8,79.1,79.6,40786
2012/6/26,79,79.1,78.3,78.7,42391
2012/6/27,78.3,79.5,78.2,79.3,32770
2012/6/28,80,80.3,79.5,79.9,33113
2012/6/29,79.6,81.3,79.3,81.3,50919
2012/7/2,81.5,83.7,81.5,83.3,64377
2012/7/3,83.6,84.9,83.4,84.2,60850
2012/7/4,82.1,82.1,81.2,81.2,44220
2012/7/5,82,82,80.7,81,28556
2012/7/6,81,81,80.1,80.9,38187
2012/7/9,79.9,80.3,79.6,80,45060
2012/7/10,79.4,79.9,78.6,79.1,37141
2012/7/11,78.1,78.3,77.4,78.1,59419
2012/7/12,77.5,77.5,75.7,75.7,69235
2012/7/13,74.9,76,74.5,75.8,52310
2012/7/16,76.3,76.3,75.5,75.5,41994
2012/7/17,74.5,75.2,74.5,74.8,51879
2012/7/18,75,75.3,74.8,74.8,38710
2012/7/19,76.8,78,76.8,77.5,62113
2012/7/20,76.4,77,76.2,76.7,49932
2012/7/23,75.1,75.1,73.8,74.3,57536
2012/7/24,74.3,74.8,74.2,74.8,39973
2012/7/25,75,75.2,74.4,74.6,72480
2012/7/26,75.7,76.7,75.2,76.3,47155
2012/7/27,77.9,79.4,77.2,79.3,73460
2012/7/30,80,80.4,78.8,79,51381
2012/7/31,78.5,81,78.5,81,68248
2012/8/1,80.1,80.5,79.4,80,43525
2012/8/3,79.5,80.1,79.2,79.8,47301
2012/8/6,80.9,81.5,80.7,80.9,58469
2012/8/7,81.3,81.4,80.7,81.4,40186
2012/8/8,81.9,81.9,80.1,80.5,40138
2012/8/9,81.3,82.3,81.3,82.3,54299
2012/8/10,82.3,82.4,81.2,82,30075
2012/8/13,83.8,83.8,82.5,82.7,30295
2012/8/14,83,83.8,82.8,83.2,33337
2012/8/15,83.7,83.7,82.5,83,27500
2012/8/16,83,83.4,82.5,82.9,28242
2012/8/17,83,83.2,82,82,30136
2012/8/20,82.7,82.7,81.9,82.4,26037
2012/8/21,82.7,83.9,82.7,83.6,36886
2012/8/22,83.1,83.4,81.9,82.4,33635
2012/8/23,82.4,82.8,82.2,82.7,22367
2012/8/24,82.3,82.3,81.7,82,25494
2012/8/27,82.9,83.5,82.4,83,25735
2012/8/28,82.3,83.4,82,82.4,32428
2012/8/29,82.6,83,82.1,82.7,18467
2012/8/30,82.3,83.2,82.3,82.7,46031
2012/8/31,82.4,83.3,82.4,83.3,13536
2012/9/3,83.5,83.9,82.8,83.9,20795
2012/9/4,84,84,83.5,84,21703
2012/9/5,83,83.3,81.9,82,43302
2012/9/6,82.8,82.8,81,81.1,25873
2012/9/7,83,83.9,82.8,83.8,44499
2012/9/10,83.3,83.6,83.2,83.5,23048
2012/9/11,84.2,84.7,84,84.4,31624
2012/9/12,84.5,84.9,84.5,84.5,37513
2012/9/13,84.5,85,84.5,85,29680
2012/9/14,85.6,86.5,85.5,86.5,52174
2012/9/17,86.9,87,85.8,86.5,26567
2012/9/18,86.5,86.5,85.4,85.7,35898
2012/9/19,85.9,86.4,85.1,86,43594
2012/9/20,86,86,85.1,85.3,26839
2012/9/21,86,86.5,85.3,85.7,51084
2012/9/24,85.7,86.4,85.1,86.1,30360
2012/9/25,85.8,86.2,85.7,85.9,35919
2012/9/26,85.4,86.4,85,86.4,36962
2012/9/27,86.8,87.8,86.2,87.6,55641
2012/9/28,88.6,89.8,88.5,89.8,70929
2012/10/1,89.2,89.2,88.3,88.9,38173
2012/10/2,89.2,89.8,88.9,89.6,35734
2012/10/3,89.6,89.9,89.3,89.8,32589
2012/10/4,89.9,90.6,89.5,90.6,39780
2012/10/5,91,91.3,90.4,91,42175
2012/10/8,91,91,89,89.1,40762
2012/10/9,87.2,88.5,87.1,87.1,61216
2012/10/11,85.1,85.7,84.8,85.5,77901
2012/10/12,85.6,86.3,85.3,86.3,24739
2012/10/15,86.1,86.4,85.4,86.4,19652
2012/10/16,86.7,87.5,86.7,87.5,29927
2012/10/17,87.8,88,86.5,87.4,35886
2012/10/18,87,88.2,87,88.1,23090
2012/10/19,86.2,87.3,86.2,86.7,27673
2012/10/22,86.3,86.3,85.6,86,21235
2012/10/23,85.9,86.3,85.6,85.7,16192
2012/10/24,85.1,86.4,85.1,85.4,30208
2012/10/25,85.4,85.6,84.5,84.8,39418
2012/10/26,86.5,88.3,86.3,87.3,68297
2012/10/29,88.3,89.1,87.6,88.1,37746
2012/10/30,88.8,89,87.7,88,30349
2012/10/31,88,88.8,87.9,88.7,26035
2012/11/1,88.6,89.2,87.7,89.2,36018
2012/11/2,90,90.1,89.5,89.9,39106
2012/11/5,89.9,90.3,88.8,90.3,31496
2012/11/6,90.6,90.6,89.7,90.4,26410
2012/11/7,90.5,91,90,91,22104
2012/11/8,90.8,90.9,89.9,90.5,39982
2012/11/9,90.3,90.9,89.5,90.8,38435
2012/11/12,91,91.8,90.6,91.3,29957
2012/11/13,91,91,89.3,90.3,41761
2012/11/14,90,90.9,89.5,90.5,31098
2012/11/15,89.9,90.6,89,90.2,25096
2012/11/16,89.2,90.3,89.2,90.2,33802
2012/11/19,89.7,90.5,89.7,90,24008
2012/11/20,90,90.4,89.8,90.4,21474
2012/11/21,90.3,90.9,89.2,90.5,30262
2012/11/22,90.3,91.3,90.3,91.3,20798
2012/11/23,91.6,95.5,91.5,95.5,64301
2012/11/26,95.5,95.6,94.9,95.3,40021
2012/11/27,94.6,96.3,94.3,96.3,50925
2012/11/28,95.8,96.1,95.3,95.9,63210
2012/11/29,96,97.3,95.5,96.5,56516
2012/11/30,96,98.8,95.9,98.7,76884
2012/12/3,98.3,98.6,96.8,97.9,44060
2012/12/4,96.9,97.2,95.3,96.6,43075
2012/12/5,94.6,97.1,94.6,96.9,60542
2012/12/6,96.6,96.9,96.1,96.6,33501
2012/12/7,97.1,98.5,97.1,98.1,37114
2012/12/10,97.9,98,96.5,96.5,30865
2012/12/11,97.3,98.3,96.7,98.3,40668
2012/12/12,98.3,98.5,97.2,98.4,42272
2012/12/13,98.3,99.4,97.9,99.2,45585
2012/12/14,98.2,98.6,97.5,98.4,34112
2012/12/17,96.4,97.7,96.2,97,46715
2012/12/18,95,96.7,95,96.7,35430
2012/12/19,96.7,97.3,96.2,97.3,27889
2012/12/20,96.1,96.9,95.1,96,35517
2012/12/21,95.1,96.5,94.6,94.8,34754
2012/12/22,95.7,96.2,95,95.7,8384
2012/12/24,96,96.4,95.1,95.2,17215
2012/12/25,96,97.3,95.6,96.5,16006
2012/12/26,96.5,97.3,96,96,12055
2012/12/27,96.2,96.7,95.5,95.6,24204
2012/12/28,96.8,97,95.9,97,25705
2013/1/2,97.6,99.9,97.1,99.6,40647
2013/1/3,100.5,102,100,101,44335
2013/1/4,100.5,101.5,100,101.5,39502
2013/1/7,101,101,99.1,100.5,42328
2013/1/8,99.6,100,98.9,99.7,31218
2013/1/9,100.5,100.5,99.2,100,26417
2013/1/10,99.9,101,99.5,101,41234
2013/1/11,101.5,101.5,100.5,101,22993
2013/1/14,101,102,100,102,23575
2013/1/15,102,102,99.8,100.5,36015
2013/1/16,100.5,100.5,99.2,99.2,35496
2013/1/17,100.5,101,98.5,99.3,40526
2013/1/18,101.5,101.5,100.5,101.5,49874
2013/1/21,101,101,100,100.5,17310
2013/1/22,101,101,99.9,101,21946
2013/1/23,101.5,101.5,100,101,30821
2013/1/24,100,100.5,99.2,99.9,40653
2013/1/25,99.9,99.9,98,99,48674
2013/1/28,98.7,99.5,98.6,99.3,29190
2013/1/29,100,101.5,99.7,101,36060
2013/1/30,102,102,100.5,101.5,28862
2013/1/31,100.5,101.5,100,101.5,42489
2013/2/1,101.5,101.5,100.5,101.5,23211
2013/2/4,102,103,102,103,35257
2013/2/5,103,103,101.5,103,17896
2013/2/6,103.5,105,103,105,32330
2013/2/18,107,108.5,106.5,107,64345
2013/2/19,108.5,108.5,106.5,107,22103
2013/2/20,108.5,109.5,108,109,41921
2013/2/21,108.5,108.5,107,107,30551
2013/2/22,106,106.5,105,105.5,39577
2013/2/23,106.5,107.5,106,107,10174
2013/2/25,106.5,107,105,105,37216
2013/2/26,103.5,105,102.5,103.5,38498
2013/2/27,102,104.5,101,104.5,81358
2013/3/1,103,105,102.5,105,35081
2013/3/4,104.5,104.5,101.5,102,55265
2013/3/5,103.5,104,102.5,104,56213
2013/3/6,104,104.5,103,104,38026
2013/3/7,103.5,104,103,103,20783
2013/3/8,103,104.5,102,103.5,46036
2013/3/11,102,104,102,102,36093
2013/3/12,102,103,101.5,102.5,30064
2013/3/13,102.5,105,102,104.5,57955
2013/3/14,104,104.5,103,104,33067
2013/3/15,105,105,103,103,35632
2013/3/18,102,102,100.5,100.5,44188
2013/3/19,101,101.5,99.6,100,50765
2013/3/20,99.5,99.5,98.8,98.8,64024
2013/3/21,98.8,100.5,98.7,98.7,58467
2013/3/22,98.6,99.1,98,98,44937
2013/3/25,99.9,100.5,99.2,99.5,25469
2013/3/26,99.2,99.4,98.8,99,27220
2013/3/27,99,100.5,98.8,100.5,29969
2013/3/28,100,100.5,99.3,100,29558
2013/3/29,100,101,99.8,100.5,19003
2013/4/1,101,102,100.5,101,16374
2013/4/2,100.5,101,99.8,100.5,22334
2013/4/3,101.5,101.5,100,100.5,27097
2013/4/8,99,99.5,98.5,98.5,58367
2013/4/9,98,98.5,97.5,97.5,41316
2013/4/10,98.8,98.8,97.7,98.3,36746
2013/4/11,99,101.5,98.8,101.5,57867
2013/4/12,101.5,101.5,100,100.5,19568
2013/4/15,100.5,101,99.1,99.4,23440
2013/4/16,98.2,101,98.2,100.5,35918
2013/4/17,101.5,101.5,99.7,100,35897
2013/4/18,100,101,99.4,99.9,33083
2013/4/19,105.5,106.5,105.5,106.5,66950
2013/4/22,108.5,109.5,107.5,108.5,72502
2013/4/23,106.5,107.5,105.5,106,46146
2013/4/24,106.5,107,104.5,106,35495
2013/4/25,106,107,105.5,107,26287
2013/4/26,107,109,107,108.5,36776
2013/4/29,108.5,108.5,107.5,108,21092
2013/4/30,108.5,109.5,108.5,109.5,34612
2013/5/2,110,111,109,110.5,38796
2013/5/3,111.5,112.5,110,110,36621
2013/5/6,111.5,111.5,110.5,111.5,19393
2013/5/7,112,113,111,112.5,22448
2013/5/8,112.5,115,112.5,114.5,42509
2013/5/9,116,116,114.5,115,27606
2013/5/10,115,115,113.5,114.5,27536
2013/5/13,115,115.5,114,114.5,18263
2013/5/14,115.5,116.5,115,115.5,27855
2013/5/15,115,116,113.5,115,29107
2013/5/16,115,116,113,113.5,45770
2013/5/17,112,113.5,111.5,113.5,19316
2013/5/20,112.5,114,112.5,114,16882
2013/5/21,113,113.5,112,112.5,17238
2013/5/22,112.5,113.5,111,112,34068
2013/5/23,110.5,111.5,108,108,46874
2013/5/24,109.5,110.5,108.5,109.5,26736
2013/5/27,109.5,112,109.5,112,19161
2013/5/28,112,112.5,109.5,109.5,22762
2013/5/29,110.5,112,110.5,111,16781
2013/5/30,111,111.5,109.5,110,36121
2013/5/31,111.5,111.5,109,109.5,37205
2013/6/3,108,108.5,106.5,107.5,35834
2013/6/4,109,110,107.5,109,27476
2013/6/5,109.5,110.5,108.5,109.5,25581
2013/6/6,108.5,109.5,107,107.5,34251
2013/6/7,108,109.5,108,108.5,33085
2013/6/10,110,110,108,108.5,21941
2013/6/11,110,110,108,108,37162
2013/6/13,106,107,104,104.5,61059
2013/6/14,105,106,104.5,106,41207
2013/6/17,105.5,106,105,106,23014
2013/6/18,105,106.5,104.5,106.5,31676
2013/6/19,106,106.5,105,105.5,22084
2013/6/20,105,105.5,103.5,104,29998
2013/6/21,102,103.5,101.5,103.5,39844
2013/6/24,102.5,102.5,100,101,54091
2013/6/25,101,103,101,101,33897
2013/6/26,103,104,101.5,101.5,55865
2013/6/27,103,105,103,104.5,46982
2013/6/28,106,111,105,111,74514
2013/7/1,109,109.5,108,108,51935
2013/7/2,109,110,108.5,110,44982
2013/7/3,107,107,105.5,107,44740
2013/7/4,106.5,107,106,107,24500
2013/7/5,107.5,109.5,107,109,28276
2013/7/8,107,108,104.5,105,32770
2013/7/9,104.5,106.5,103.5,106,35511
2013/7/10,104.5,107,104.5,106,22082
2013/7/11,107.5,109.5,107.5,109.5,56918
2013/7/12,109.5,110,108.5,110,31046
2013/7/15,108.5,109.5,108,109.5,33373
2013/7/16,108.5,109,107,108,35961
2013/7/17,108,109,107,109,40121
2013/7/18,107.5,108,105.5,105.5,53223
2013/7/19,99.4,99.7,98.2,98.2,123330
2013/7/22,98,98.4,96.9,97,88048
2013/7/23,98.5,101.5,98.5,100,85595
2013/7/24,100.5,103,100,102,58355
2013/7/25,102,103.5,101,102.5,37559
2013/7/26,103,103,101,102.5,31817
2013/7/29,100,101.5,100,100,38334
2013/7/30,100.5,102.5,100.5,102,33871
2013/7/31,101.5,103,101,102.5,36997
2013/8/1,102,102,100,100.5,32509
2013/8/2,102.5,103,100,100.5,28039
2013/8/5,100,101.5,99.9,100.5,23372
2013/8/6,100.5,100.5,98.6,98.8,42787
2013/8/7,98.5,98.5,97,97,45969
2013/8/8,96,97.1,95.3,96.4,55873
2013/8/9,100,100,96.4,96.4,47192
2013/8/12,96.4,96.7,95.6,96,33454
2013/8/13,96,97.4,96,97.2,34392
2013/8/14,96,97.3,95.8,96.8,44023
2013/8/15,96.4,96.4,95.3,96,42687
2013/8/16,95.4,97.5,95.2,96.5,37698
2013/8/19,95.5,96.1,95.3,95.5,52061
2013/8/20,95.2,95.4,94.4,94.4,42471
2013/8/22,93,94.9,92.9,94.5,60311
2013/8/23,95.7,97.3,95.5,97,44454
2013/8/26,97.6,97.6,96.1,96.8,18698
2013/8/27,96,96.8,95.6,95.6,24474
2013/8/28,95.6,97.3,95.1,96.8,35977
2013/8/29,96.9,98.9,96.9,98.7,52396
2013/8/30,99.6,100.5,98.8,100.5,38965
2013/9/2,100,102,99.6,102,30859
2013/9/3,103,103,101.5,102,33838
2013/9/4,100.5,101.5,100,100.5,25229
2013/9/5,100.5,101.5,100,101.5,35890
2013/9/6,102,102,101,102,25342
2013/9/9,102.5,103,101,103,33083
2013/9/10,103,104.5,102.5,104.5,37392
2013/9/11,103,104.5,102.5,104.5,41349
2013/9/12,103,104.5,103,103.5,32865
2013/9/13,102.5,103,102,102.5,23635
2013/9/14,102.5,103.5,102,102.5,5222
2013/9/16,104,105.5,104,105.5,40693
2013/9/17,105.5,105.5,104.5,105.5,25467
2013/9/18,105,105.5,103,103,34987
2013/9/23,103,106,102.5,105.5,57281
2013/9/24,105,105.5,104,105,28676
2013/9/25,104.5,104.5,103,103,35289
2013/9/26,103.5,103.5,101.5,101.5,23059
2013/9/27,103.5,103.5,102,103,26663
2013/9/30,100.5,102,100,100.5,46224
2013/10/1,100.5,102.5,100.5,101.5,22927
2013/10/2,103.5,103.5,102,103,14707
2013/10/3,103.5,106,103,105,50840
2013/10/4,104.5,105,103.5,104,21986
2013/10/7,103.5,104,102,103,24399
2013/10/8,103.5,105.5,103,105,35150
2013/10/9,104,105.5,103,105,26186
2013/10/11,105,107.5,105,106.5,59435
2013/10/14,106.5,106.5,105,105,18800
2013/10/15,106.5,107,106,107,21681
2013/10/16,108,108,106,106,19077
2013/10/17,107.5,108,107,107,28186
2013/10/18,108.5,110,108.5,110,60125
2013/10/21,111,111.5,109.5,110,41327
2013/10/22,110,111.5,109.5,111.5,39837
2013/10/23,111,111.5,110,111,23057
2013/10/24,109,110,108.5,110,21570
2013/10/25,108.5,109,106.5,107,37244
2013/10/28,108,109.5,107.5,109.5,21241
2013/10/29,108.5,109.5,108,109.5,21531
2013/10/30,109,110,109,110,16768
2013/10/31,108.5,109.5,108,109.5,23098
2013/11/1,110.5,110.5,108.5,109.5,10870
2013/11/4,108,109,108,109,9642
2013/11/5,108.5,109,106.5,106.5,21861
2013/11/6,106.5,107.5,106.5,107,17440
2013/11/7,107,107.5,106,107,15944
2013/11/8,105,106.5,105,106,31481
2013/11/11,105,106,104.5,104.5,21491
2013/11/12,106,106,104.5,105,31992
2013/11/13,105,105,103,103,26708
2013/11/14,104,104.5,103.5,103.5,29933
2013/11/15,103.5,104.5,103.5,104,19904
2013/11/18,104.5,105,104,104,25297
2013/11/19,104.5,105.5,104,105,34510
2013/11/20,104,104,102.5,103,46675
2013/11/21,102,103,100.5,101,57002
2013/11/22,100,101.5,100,100,57158
2013/11/25,101,102.5,101,101,30949
2013/11/26,102,105,101.5,103.5,47194
2013/11/27,105,105.5,104.5,105,22853
2013/11/28,105,105.5,104.5,105,22995
2013/11/29,104.5,105,104,105,34465
2013/12/2,105,105.5,104,104.5,19042
2013/12/3,104,105,103.5,104,26811
2013/12/4,103.5,105.5,103.5,105,23630
2013/12/5,105,105,103.5,104,25209
2013/12/6,103,104.5,103,103,25358
2013/12/9,104,105,104,105,23971
2013/12/10,104.5,105,104,104,22935
2013/12/11,103.5,105,103.5,105,24614
2013/12/12,104.5,104.5,103,103,18536
2013/12/13,102.5,103.5,102.5,102.5,28297
2013/12/16,102.5,103,102,102,18772
2013/12/17,103,104.5,103,103.5,26232
2013/12/18,102.5,103,101,101,66102
2013/12/19,102,103,101.5,102.5,27824
2013/12/20,101.5,103.5,101.5,102,37618
2013/12/23,103,104.5,103,104,28393
2013/12/24,104,104,103,103,14079
2013/12/25,102.5,103.5,102.5,103,9789
2013/12/26,103,104,103,104,6793
2013/12/27,103.5,104.5,103,104.5,24135
2013/12/30,104,106,104,106,44280
2013/12/31,105.5,106,105,105.5,24484
2014/1/2,105,105.5,103.5,104.5,15133
2014/1/3,103,103,102,102.5,41160
2014/1/6,102,103,102,102.5,23729
2014/1/7,102.5,103,102,102,18803
2014/1/8,103,104.5,102.5,104,30933
2014/1/9,102.5,103,100.5,101,64221
2014/1/10,102,102.5,101.5,102,36289
2014/1/13,103,103.5,102.5,103,22080
2014/1/14,102.5,103.5,102,103.5,21718
2014/1/15,104,106,104,105,54458
2014/1/16,106,107.5,106,107,49601
2014/1/17,108,108.5,107,107.5,55767
2014/1/20,107,108.5,107,107.5,24299
2014/1/21,108.5,108.5,106,106.5,25121
2014/1/22,106,107.5,106,107.5,28726
2014/1/23,108.5,108.5,107.5,107.5,28308
2014/1/24,107,108.5,107,108,34059
2014/1/27,106,106.5,104,105,65271
2014/2/5,102,102,100.5,100.5,147198
2014/2/6,101,103,101,102,73840
2014/2/7,103.5,104.5,103,104,54185
2014/2/10,104,104.5,103,103,26243
2014/2/11,104.5,105,104,104.5,23523
2014/2/12,105,105.5,104.5,105,25305
2014/2/13,105,106,105,105,19625
2014/2/14,106.5,107.5,106.5,107.5,42737
2014/2/17,108,108.5,107.5,108.5,34368
2014/2/18,108.5,108.5,107.5,108,22289
2014/2/19,108,108,107,108,28886
2014/2/20,106.5,107,106,106.5,28469
2014/2/21,107,107.5,107,107.5,31505
2014/2/24,107.5,108,106,107,32057
2014/2/25,107.5,108,106.5,108,34350
2014/2/26,107.5,108,107,107.5,34982
2014/2/27,107.5,108,107.5,108,49352
2014/3/3,108,108,106.5,108,62467
2014/3/4,108,108,107.5,107.5,48939
2014/3/5,108.5,110,108.5,110,55447
2014/3/6,110,113.5,110,113,72622
2014/3/7,114,115,113.5,114.5,66916
2014/3/10,114.5,114.5,112.5,113,38430
2014/3/11,113.5,114.5,113.5,114,29182
2014/3/12,112.5,113,112,113,18414
2014/3/13,116.5,117.5,115.5,116.5,59080
2014/3/14,115,115.5,114,115,47105
2014/3/17,114.5,115,113,114,33910
2014/3/18,114.5,115,113.5,114.5,37517
2014/3/19,114.5,115,113.5,114.5,35237
2014/3/20,113,113.5,112,112,46512
2014/3/21,114,114,112,112.5,60438
2014/3/24,111.5,112.5,111.5,112.5,29607
2014/3/25,111.5,113.5,111.5,113.5,38070
2014/3/26,115.5,116,114.5,115.5,45234
2014/3/27,114.5,116,114,116,31399
2014/3/28,116,117.5,115.5,117.5,43794
2014/3/31,118,118.5,116.5,118.5,47146
2014/4/1,119,119.5,118.5,119.5,40636
2014/4/2,120.5,121,119,120,43684
2014/4/3,118.5,119,117.5,118.5,37000
2014/4/7,117.5,118,116.5,117.5,45254
2014/4/8,117,119.5,117,119,43894
2014/4/9,119.5,120,119,119,29648
2014/4/10,119,119.5,118.5,119.5,27215
2014/4/11,118.5,120,118,120,34847
2014/4/14,120,121,120,120.5,31053
2014/4/15,121.5,122.5,121,122.5,29397
2014/4/16,121.5,122.5,121,121,51075
2014/4/17,120.5,121.5,119,120,36418
2014/4/18,122.5,123,121,123,32921
2014/4/21,122,122,121,121.5,24162
2014/4/22,121,122.5,120.5,121.5,27034
2014/4/23,123,123,120.5,121,34358
2014/4/24,121,121,120,121,25524
2014/4/25,121,121,118,118.5,49438
2014/4/28,118.5,120,117.5,119,28068
2014/4/29,120.5,121,119,120.5,21811
2014/4/30,120,120.5,117,118.5,44124
2014/5/2,119,119.5,117,118,45030
2014/5/5,117.5,118,116,117,28887
2014/5/6,117,119,116.5,118,27525
2014/5/7,118,119,117.5,118.5,33276
2014/5/8,119.5,120,119,119.5,30096
2014/5/9,120,120,119,120,23287
2014/5/12,119.5,120,117.5,118.5,37048
2014/5/13,120,121,119.5,120.5,24046
2014/5/14,121,122,120.5,122,32903
2014/5/15,121,122,120.5,122,16813
2014/5/16,122,123,121,122,28679
2014/5/19,122,122.5,121,121,20829
2014/5/20,122,122,121,121,25402
2014/5/21,122,122,120.5,120.5,24218
2014/5/22,121.5,122,121,122,26336
2014/5/23,121,122.5,121,122,31778
2014/5/26,123,123.5,122,123,19854
2014/5/27,122.5,124,122.5,123.5,18301
2014/5/28,124,124,122.5,124,37799
2014/5/29,123.5,124,121.5,122,43079
2014/5/30,122,122.5,119.5,119.5,69113
2014/6/3,120,122.5,120,122.5,40522
2014/6/4,123.5,124,123,123.5,33486
2014/6/5,123,123.5,121.5,123,19558
2014/6/6,123.5,123.5,122,122.5,19282
2014/6/9,122.5,123.5,122.5,123,19730
2014/6/10,123,124.5,122.5,124.5,26661
2014/6/11,124,125,123.5,125,27990
2014/6/12,124,124,123,123.5,22300
2014/6/13,123,123.5,122.5,123,17197
2014/6/16,122.5,124,122.5,124,13737
2014/6/17,124,125,123,125,20568
2014/6/18,125,126.5,124,125.5,38103
2014/6/19,124.5,126,124.5,126,25211
2014/6/20,126.5,127,124,124.5,31589
2014/6/23,125,125.5,123,123,25147
2014/6/24,123,123.5,122,123,36234
2014/6/25,123,124.5,123,123.5,31028
2014/6/26,124.5,125,123.5,124.5,33938
2014/6/27,125,126.5,124,125.5,44450
2014/6/30,126,127,125,126.5,38191
2014/7/1,126.5,128.5,126,128,33022
2014/7/2,129.5,132.5,129,132.5,51623
2014/7/3,131.5,135,130.5,134.5,41188
2014/7/4,133.5,136,132,135,44516
2014/7/7,134.5,136,132.5,136,32207
2014/7/8,135.5,136,134,134.5,36299
2014/7/9,133.5,135,133.5,134,39336
2014/7/10,134.5,136,134.5,134.5,51132
2014/7/11,136,138,135.5,136.5,43513
2014/7/14,134.5,134.5,132.5,132.5,46818
2014/7/15,133,134,132.5,133,37976
2014/7/16,133,133.5,130,130.5,42072
2014/7/17,125,125.5,123,124.5,138665
2014/7/18,121.5,124,121.5,123.5,97366
2014/7/21,124,124.5,122.5,123.5,58994
2014/7/22,123.5,125,122.5,124.5,53307
2014/7/24,124.5,125,124,125,66041
2014/7/25,124.5,125,122.5,123,31609
2014/7/28,122,122.5,121,121.5,43514
2014/7/29,122.5,124,122,124,40749
2014/7/30,123.5,125,123,124.5,32428
2014/7/31,124,124,121,121,44806
2014/8/1,120,121,119.5,120,61873
2014/8/4,120,123.5,120,123.5,39730
2014/8/5,122.5,122.5,119.5,119.5,61536
2014/8/6,119,121.5,119,120.5,38043
2014/8/7,120.5,121.5,119.5,121.5,30079
2014/8/8,120.5,121,119.5,120.5,35170
2014/8/11,120,121,119.5,120.5,42993
2014/8/12,121,122,120.5,121.5,32278
2014/8/13,121,123.5,120.5,122.5,39837
2014/8/14,123.5,124,123,124,32955
2014/8/15,124.5,125,123,124,19189
2014/8/18,124,124,122.5,123,14766
2014/8/19,124,125,123.5,124,31922
2014/8/20,125,125.5,124.5,125.5,28975
2014/8/21,126,126,124,124.5,23089
2014/8/22,124.5,126,123.5,125.5,42775
2014/8/25,125.5,126,125,125,21107
2014/8/26,125,125.5,124,124.5,30428
2014/8/27,125.5,126,124.5,125.5,36839
2014/8/28,126,126,124.5,125,21759
2014/8/29,124.5,125,124,124,28358
2014/9/1,125,128.5,125,128.5,37523
2014/9/2,128,128,125.5,126,20057
2014/9/3,127,128,125.5,128,24642
2014/9/4,128,128,126,127.5,22110
2014/9/5,128.5,128.5,125.5,127,20128
2014/9/9,127.5,127.5,126.5,127,24359
2014/9/10,126,126,124,125,29718
2014/9/11,126,126,125,125,24328
2014/9/12,124.5,125,123,123,20299
2014/9/15,122.5,123.5,122,123.5,19643
2014/9/16,123,123,122,122.5,19248
2014/9/17,123.5,125,123,124.5,24018
2014/9/18,124.5,125,123.5,125,14791
2014/9/19,125.5,126,125,125,30781
2014/9/22,124,124,122,122,40658
2014/9/23,123,123.5,122,122.5,16208
2014/9/24,122,124,122,123,28552
2014/9/25,123,124,121.5,122,23840
2014/9/26,121,121.5,120.5,121,25408
2014/9/29,122,122,120,120.5,55071
2014/9/30,120,121,119,120,52027
2014/10/1,120,122,120,121.5,42581
2014/10/2,121,122.5,120.5,121,30795
2014/10/3,122.5,125,122,124.5,52042
2014/10/6,125,126,124,126,39292
2014/10/7,125,125.5,123.5,125,40188
2014/10/8,123.5,125,122.5,122.5,30938
2014/10/9,124,125,123.5,125,37115
2014/10/13,119,121.5,118,120.5,77985
2014/10/14,120,121.5,119.5,121,31887
2014/10/15,121.5,123,121,121.5,50496
2014/10/16,121.5,124,120,121.5,46431
2014/10/17,125,125.5,123.5,123.5,92077
2014/10/20,125,126,124.5,126,38619
2014/10/21,126,126,124.5,125,25647
2014/10/22,127.5,129,127.5,129,65855
2014/10/23,128,128.5,127.5,127.5,28085
2014/10/24,127,127.5,125,125.5,42161
2014/10/27,126.5,128,126.5,128,25145
2014/10/28,129,129.5,127.5,128,35018
2014/10/29,129,129.5,128,129,34860
2014/10/30,128.5,129,127,128.5,35723
2014/10/31,128,130.5,127.5,130.5,42413
2014/11/3,132,132.5,130.5,131,45307
2014/11/4,132,132,131,132,32566
2014/11/5,131.5,132,131,132,22638
2014/11/6,132.5,132.5,131.5,132,28559
2014/11/7,131.5,131.5,130.5,131,17385
2014/11/10,132.5,134.5,132,134.5,43174
2014/11/11,135,135,133,134,20484
2014/11/12,134.5,134.5,131.5,132,27434
2014/11/13,133.5,134.5,132.5,134,25055
2014/11/14,134,135,133.5,135,24361
2014/11/17,135,135.5,132.5,133,24772
2014/11/18,134,134.5,131,131.5,43227
2014/11/19,133,136.5,132.5,136,71400
2014/11/20,137.5,139,137,139,44216
2014/11/21,139.5,139.5,137.5,138.5,30621
2014/11/24,140,140.5,138,138.5,33408
2014/11/25,138.5,140,138.5,139,42940
2014/11/26,138.5,139,138,139,23201
2014/11/27,140,142,140,140,26580
2014/11/28,139,141.5,139,141.5,36077
2014/12/1,139,142,138.5,140,50115
2014/12/2,139.5,139.5,137.5,137.5,54781
2014/12/3,137.5,139,136.5,138,40184
2014/12/4,139,140,138.5,139,28276
2014/12/5,138.5,139.5,137,137.5,29431
2014/12/8,138,138.5,137,138,19854
2014/12/9,138,139,137.5,138,31926
2014/12/10,138,139,136,136,39845
2014/12/11,135,136,134.5,134.5,41669
2014/12/12,135,136,134.5,135,31504
2014/12/15,134.5,136.5,134.5,136,45196
2014/12/16,134.5,135.5,133,133,41273
2014/12/17,133,133,130,130.5,84670
2014/12/18,132,133,131,131.5,51896
2014/12/19,134.5,138,134,138,44591
2014/12/22,137.5,140,137,138.5,34995
2014/12/23,139,140,137,137.5,19157
2014/12/24,136,138,136,138,16722
2014/12/25,137,138,137,137.5,7392
2014/12/26,138,139,137,139,13183
2014/12/27,139,139,137.5,138.5,4823
2014/12/29,138,141,138,141,35075
2014/12/30,141,141.5,139,140,23590
2014/12/31,139,141,139,141,18351
2015/1/5,140.5,140.5,137.5,139.5,32214
2015/1/6,137.5,137.5,133,133.5,67649
2015/1/7,133.5,135,133.5,134,43886
2015/1/8,136.5,138,136,138,42551
2015/1/9,135,135.5,133,134,61920
2015/1/12,132.5,133.5,132,132,30402
2015/1/13,131,133,130.5,132.5,38093
2015/1/14,132.5,133,130,130,49447
2015/1/15,131.5,133,131.5,131.5,40996
2015/1/16,140,140,136,137,129035
2015/1/19,138.5,139.5,137.5,139,50175
2015/1/20,139,139,137.5,138,33795
2015/1/21,139.5,141,139.5,141,77292
2015/1/22,141.5,142,139.5,140,45654
2015/1/23,142.5,145,142.5,145,82359
2015/1/26,145.5,145.5,143.5,145,46941
2015/1/27,145.5,147,144.5,147,53362
2015/1/28,146.5,147,145.5,146.5,48373
2015/1/29,144,145,143,143.5,36887
2015/1/30,145,145.5,141,141,44413
2015/2/2,140.5,143,140.5,142.5,30382
2015/2/3,143,144.5,142,144.5,27234
2015/2/4,144.5,146.5,144,146,43152
2015/2/5,145.5,146,143.5,145.5,25327
2015/2/6,145.5,145.5,143,143,28668
2015/2/9,143,143.5,141.5,142,26650
2015/2/10,142,143,141.5,142.5,33452
2015/2/11,146,149,146,148,71429
2015/2/12,149.5,149.5,147.5,148.5,35027
2015/2/13,148.5,150,148,148.5,38571
2015/2/24,149,152,148.5,151,74443
2015/2/25,152.5,154.5,152.5,154.5,48326
2015/2/26,153.5,154,150.5,150.5,58406
2015/3/2,151.5,153,148.5,149,41706
2015/3/3,150,151,148.5,150.5,29205
2015/3/4,150,151.5,149,150.5,32781
2015/3/5,150,151,148.5,150,29851
2015/3/6,149,149.5,148.5,149,33211
2015/3/9,147.5,147.5,145,145.5,67545
2015/3/10,145,145,144,144,46859
2015/3/11,143.5,148,143,146,51828
2015/3/12,147,148.5,146.5,148,32364
2015/3/13,148,149.5,147,149,46407
2015/3/16,149,149.5,146,146,37462
2015/3/17,148.5,150,148.5,149,55770
2015/3/18,151,154,150,153.5,71220
2015/3/19,152.5,155,152.5,154,43512
2015/3/20,151.5,154,151.5,154,38594
2015/3/23,154,154,152.5,153.5,26369
2015/3/24,153.5,153.5,151.5,151.5,38207
2015/3/25,152,152.5,150.5,151,50140
2015/3/26,145.5,147,144.5,145.5,162835
2015/3/27,144,145.5,142.5,142.5,112919
2015/3/30,142.5,144,142,142.5,64898
2015/3/31,144,145.5,143,145.5,56918
2015/4/1,145,145,143.5,144,39056
2015/4/2,145,148,144.5,147,52174
2015/4/7,146.5,147.5,145,146,34901
2015/4/8,145.5,146,143,143,49474
2015/4/9,144,145.5,143,143,47243
2015/4/10,146,147,145,147,33908
2015/4/13,146.5,147.5,146,147,26427
2015/4/14,145,145.5,143.5,144,41702
2015/4/15,143.5,144.5,141.5,143,71626
2015/4/16,145,147,144.5,147,55563
2015/4/17,143,144,142.5,142.5,79007
2015/4/20,142,144,141.5,143,43593
2015/4/21,142,143.5,141.5,142.5,40892
2015/4/22,143.5,145,143,143.5,40631
2015/4/23,145.5,147,145,147,47851
2015/4/24,149,152.5,148.5,152.5,135458
2015/4/27,153,153,150,151.5,58112
2015/4/28,153.5,153.5,150.5,151.5,43295
2015/4/29,150,151,148,148.5,37440
2015/4/30,147,148.5,146.5,147,48982
2015/5/4,148.5,148.5,146,147.5,30868
2015/5/5,147.5,148,146,147,27789
2015/5/6,145.5,148,145.5,147.5,18824
2015/5/7,146,147.5,146,146.5,21908
2015/5/8,146,147.5,146,146.5,20035
2015/5/11,149,149,147,148.5,20402
2015/5/12,147,148.5,147,147.5,24956
2015/5/13,147.5,149,147,148,19437
2015/5/14,148,148.5,146,146,39888
2015/5/15,147,147,145,146.5,24831
2015/5/18,147,147,145,146.5,26212
2015/5/19,145.5,147.5,145,146.5,26321
2015/5/20,146.5,147,146,146.5,26984
2015/5/21,146,146.5,144.5,145.5,41286
2015/5/22,146,147,145,145.5,22103
2015/5/25,146.5,147.5,145.5,147.5,16323
2015/5/26,148.5,148.5,146.5,146.5,16069
2015/5/27,145.5,147,145,145,24257
2015/5/28,147,147.5,146,147,36704
2015/5/29,147,147.5,145.5,146,61983
2015/6/1,145.5,146,144,145,31646
2015/6/2,144.5,144.5,143.5,144,33433
2015/6/3,143.5,144.5,143,143,30174
2015/6/4,142,142.5,140,141,62313
2015/6/5,139.5,140.5,139,140,42846
2015/6/8,139.5,140,138.5,138.5,45637
2015/6/9,138.5,140,138,139,31663
2015/6/10,141,141.5,139.5,139.5,37243
2015/6/11,141,144,141,143.5,46455
2015/6/12,144,144.5,142.5,144.5,35243
2015/6/15,144.5,144.5,142.5,143,23775
2015/6/16,143,143,141,142,28696
2015/6/17,143,143.5,142,142.5,31675
2015/6/18,142,143,142,142,28627
2015/6/22,142,143.5,142,142,29598
2015/6/23,143,145,142.5,144.5,37809
2015/6/24,144.5,145,143.5,145,21134
2015/6/25,145,147,145,146.5,45571
2015/6/26,147,147.5,145.5,146,34170
2015/6/29,140.5,141,138.5,138.5,53096
2015/6/30,139,140.5,138.5,140.5,45375
2015/7/1,140,142.5,139,141,33330
2015/7/2,140.5,142,140.5,141.5,24309
2015/7/3,141.5,142.5,140,142.5,17091
2015/7/6,141,141.5,140.5,140.5,20683
2015/7/7,141,142,140.5,140.5,26545
2015/7/8,140.5,141,138,138,52066
2015/7/9,134,138,134,136.5,53784
2015/7/13,137,139.5,137,138.5,35404
2015/7/14,139.5,140.5,138,138.5,27574
2015/7/15,139,139.5,138,138.5,23485
2015/7/16,140,140,135.5,136.5,37250
2015/7/17,138,140,138,140,55848
2015/7/20,141.5,142,138.5,139,27906
2015/7/21,141,141.5,139.5,140.5,21857
2015/7/22,139,139.5,138,139,27408
2015/7/23,137,137.5,136,136,38176
2015/7/24,138,138,136,137,39062
2015/7/27,135,135.5,134,134,45080
2015/7/28,135,136.5,134,134,35777
2015/7/29,135,136,134.5,135.5,30500
2015/7/30,136,139,136,138.5,37085
2015/7/31,140.5,140.5,137.5,139.5,40479
2015/8/3,138.5,138.5,134.5,134.5,33815
2015/8/4,135,136.5,134.5,136.5,27514
2015/8/5,135.5,135.5,134,134,28577
2015/8/6,136,136,132,134,39658
2015/8/7,133,133.5,131.5,133,30591
2015/8/10,131,131,125.5,129,65582
2015/8/11,133.5,133.5,130.5,130.5,65988
2015/8/12,129.5,130,127.5,128.5,45838
2015/8/13,129,130,127.5,128,43697
2015/8/14,128,128.5,125,126,40366
2015/8/17,125.5,125.5,123,124,38956
2015/8/18,125,126.5,125,126,41823
2015/8/19,127.5,127.5,124,125,47213
2015/8/20,124.5,126,123.5,126,38767
2015/8/21,123,124.5,121,121,67341
2015/8/24,120,121,112.5,115,118882
2015/8/25,118,124,117.5,123.5,99479
2015/8/26,121,124.5,119.5,122.5,65899
2015/8/27,125,125,122,124,53549
2015/8/28,127,127,124.5,125,41879
2015/8/31,126,129,123.5,129,57088
2015/9/1,127.5,127.5,124,124,42394
2015/9/2,123,127,123,125.5,37232
2015/9/3,127.5,127.5,125,127,24054
2015/9/4,126.5,127,123.5,125,23047
2015/9/7,124.5,126,122,122.5,26152
2015/9/8,122.5,123.5,122,123,15112
2015/9/9,126.5,129,126.5,129,53969
2015/9/10,127,128,125,125,34029
2015/9/11,125.5,127.5,124,127.5,24548
2015/9/14,128,129,126,127.5,25582
2015/9/15,127.5,128,125.5,126,22223
2015/9/16,128,130,127.5,129.5,44137
2015/9/17,130.5,131.5,130,131,52529
2015/9/18,129.5,131.5,129,131.5,32590
2015/9/21,130,130,128.5,129.5,35271
2015/9/22,130,130,128.5,129,18378
2015/9/23,127,127.5,124.5,124.5,35523
2015/9/24,127,128,125.5,127,44708
2015/9/25,127,127.5,125,127,24688
2015/9/30,128,131,127,130,76377
2015/10/1,131,134,129.5,133.5,53400
2015/10/2,132.5,132.5,131.5,132,25252
2015/10/5,133,133.5,131.5,132.5,30895
2015/10/6,135,135.5,132.5,133,49925
2015/10/7,133.5,135,133,135,32541
2015/10/8,137,137,135,136,32054
2015/10/12,137,139,136.5,138.5,51617
2015/10/13,138.5,138.5,136,137.5,37227
2015/10/14,136.5,137.5,136,136.5,65521
2015/10/15,139,141,139,140,73316
2015/10/16,137,137.5,136,137.5,37189
2015/10/19,138.5,139,137,138,26173
2015/10/20,139,139,137.5,139,28795
2015/10/21,139.5,140,137.5,138.5,20006
2015/10/22,138,138.5,137,137.5,15168
2015/10/23,140,140.5,139,140,35666
2015/10/26,140.5,140.5,139,140,24412
2015/10/27,138.5,140,137.5,139,26557
2015/10/28,137,139,137,138,22557
2015/10/29,139,139.5,136.5,136.5,20463
2015/10/30,137,137.5,136,136.5,28293
2015/11/2,138.5,138.5,135.5,137.5,22789
2015/11/3,138.5,140,138,139.5,36442
2015/11/4,141.5,144.5,141,144.5,75685
2015/11/5,144,144.5,142.5,142.5,37827
2015/11/6,144,144,139,140,51889
2015/11/9,141,143,140.5,142,24863
2015/11/10,141.5,141.5,139,139.5,23336
2015/11/11,140.5,140.5,136.5,137.5,29463
2015/11/12,138.5,139,138,138.5,16485
2015/11/13,137.5,139,136,136,22956
2015/11/16,134,135.5,134,135,32132
2015/11/17,138,140,137.5,138.5,28224
2015/11/18,139.5,140,136.5,137,29455
2015/11/19,138.5,140.5,138,140.5,28723
2015/11/20,140.5,141,140,141,21649
2015/11/23,141,141.5,140,141,20543
2015/11/24,140,141.5,139.5,139.5,23245
2015/11/25,139.5,141,138.5,141,34540
2015/11/26,141,142.5,140,142.5,32927
2015/11/27,143,143,139,139,26742
2015/11/30,136.5,139,136,139,110350
2015/12/1,140.5,142.5,138.5,142.5,48931
2015/12/2,144,144,142,142.5,31767
2015/12/3,141.5,143,141.5,142.5,28204
2015/12/4,141,142.5,140.5,140.5,31780
2015/12/7,142,144.5,142,143.5,41097
2015/12/8,143.5,144,141,142.5,34037
2015/12/9,142,142,140.5,140.5,30640
2015/12/10,140.5,141.5,139,141,41487
2015/12/11,141,142,139,139.5,32030
2015/12/14,137.5,139.5,137.5,139,37666
2015/12/15,139.5,140.5,138,138,27973
2015/12/16,142,144,141,143.5,58669
2015/12/17,144.5,145,143,145,34710
2015/12/18,143,145,142,142,41615
2015/12/21,141.5,142.5,140.5,141.5,26939
2015/12/22,141,142,140.5,142,17209
2015/12/23,141,143,140.5,141.5,18152
2015/12/24,143,143.5,142,142,13495
2015/12/25,142,143.5,142,143,6168
2015/12/28,143.5,144,143,143.5,10831
2015/12/29,143.5,144,141.5,142,12968
2015/12/30,142.5,144,142,142.5,14713
2015/12/31,142,144,141,143,18677
2016/1/4,142.5,143.5,139,139.5,43800
2016/1/5,139,140,137,138,46502
2016/1/6,138,138,135,135.5,53873
2016/1/7,134.5,135,130.5,133,63475
2016/1/8,132,135,132,134,52641
2016/1/11,133,134.5,130.5,133,48536
2016/1/12,133,134,131.5,133,35133
2016/1/13,133.5,135.5,133,133.5,50237
2016/1/14,130.5,132,130.5,131.5,39498
2016/1/15,137.5,138,135.5,137,79648
2016/1/18,135,138,134.5,137,37008
2016/1/19,137.5,138,136,138,24995
2016/1/20,137.5,137.5,133.5,134.5,44423
2016/1/21,134,136.5,134,135,31957
2016/1/22,136.5,138.5,136,138.5,33926
2016/1/25,140,140,139,139.5,27213
2016/1/26,137.5,139,137,137.5,24102
2016/1/27,139,139.5,138.5,139.5,24547
2016/1/28,138,140.5,138,140,37913
2016/1/29,138.5,143,138,143,57557
2016/1/30,142.5,143,141,142,11865
2016/2/1,144,144,141.5,144,43828
2016/2/2,144,144.5,141.5,142.5,25400
2016/2/3,145,146,144.5,146,71652
2016/2/15,142,146.5,142,145,77064
2016/2/16,146,148,145.5,147.5,56361
2016/2/17,149,149,147,148,38486
2016/2/18,150,151,149.5,151,61877
2016/2/19,149,151,149,151,37444
2016/2/22,149.5,152.5,149.5,151,29751
2016/2/23,150.5,151,149,149.5,22500
2016/2/24,149.5,150.5,147,148,22082
2016/2/25,149,151,148.5,150.5,25233
2016/2/26,151,151.5,148,149,46425
2016/3/1,148.5,152,148.5,152,44046
2016/3/2,154,154.5,153,153,36101
2016/3/3,154,154.5,153,154,28867
2016/3/4,153,153.5,151.5,152.5,37794
2016/3/7,152.5,153.5,151,152,24052
2016/3/8,151,152,149.5,152,40643
2016/3/9,152,153,150.5,153,24634
2016/3/10,153,154.5,151.5,154.5,31343
2016/3/11,154.5,155,153,155,31297
2016/3/14,156.5,157.5,155.5,156,32987
2016/3/15,155,156.5,153,154.5,29437
2016/3/16,155.5,156,154,156,31126
2016/3/17,159.5,160,157.5,158.5,52228
2016/3/18,158.5,159.5,158.5,159.5,57866
2016/3/21,160,160,158,160,27687
2016/3/22,159.5,159.5,157,158.5,29303
2016/3/23,158.5,159.5,158,159.5,29439
2016/3/24,158,159,157,158.5,25198
2016/3/25,158.5,159,157,158,10970
2016/3/28,158,159,157,159,15857
2016/3/29,158.5,159.5,158,159,19152
2016/3/30,158.5,162,158.5,161.5,46113
2016/3/31,162,163,159,162,54094
2016/4/1,161,161,157.5,158.5,34544
2016/4/6,155.5,156,153.5,153.5,63133
2016/4/7,155,155,152.5,154.5,35933
2016/4/8,154,158,154,157.5,42324
2016/4/11,156,159,155.5,158.5,23189
2016/4/12,157.5,159.5,157.5,158.5,14877
2016/4/13,160,162,159.5,161.5,40333
2016/4/14,162,162.5,160,161.5,31377
2016/4/15,157,160,156,159.5,50339
2016/4/18,158,158.5,157.5,158,20876
2016/4/19,160,161,157,157.5,27622
2016/4/20,157.5,158,154,154,43418
2016/4/21,156,157,154,157,30419
2016/4/22,155.5,158,155,156.5,29237
2016/4/25,156.5,157.5,156,157.5,14669
2016/4/26,156.5,158.5,156.5,158,18539
2016/4/27,156,157.5,155.5,156.5,36967
2016/4/28,157.5,158,153,153,49282
2016/4/29,151,151,149,150,75959
2016/5/3,148,148.5,146.5,147.5,68909
2016/5/4,147,149,146.5,147,55586
2016/5/5,147.5,148.5,146,147.5,40687
2016/5/6,148.5,148.5,147,148,39401
2016/5/9,148.5,149,146.5,147.5,39783
2016/5/10,147,148,146.5,147,39210
2016/5/11,148.5,149,146.5,147,45610
2016/5/12,147,148,146,146,24008
2016/5/13,145,145.5,143,144,60713
2016/5/16,143,145.5,143,144.5,32239
2016/5/17,145.5,147,145,147,32716
2016/5/18,146,147,145,147,31106
2016/5/19,148,148.5,145.5,147,35192
2016/5/20,147.5,149.5,147,148.5,38046
2016/5/23,150.5,154.5,149.5,154,50174
2016/5/24,152.5,153.5,151,151,25677
2016/5/25,153.5,155,152.5,154.5,35410
2016/5/26,154.5,155,153.5,155,18822
2016/5/27,156,156.5,154.5,156.5,26617
2016/5/30,157,158,155,157,38311
2016/5/31,156.5,157.5,155,156.5,70177
2016/6/1,156,159,156,159,27743
2016/6/2,159,160,158,159,21999
2016/6/3,159,160.5,159,160.5,32020
2016/6/4,160,160,159.5,160,2631
2016/6/6,161,162,160,161,28898
2016/6/7,161.5,163.5,161,162,47573
2016/6/8,164,166,163.5,165.5,45587
2016/6/13,161,162.5,161,162,54689
2016/6/14,161,163,161,162,27823
2016/6/15,162,163,161,163,29328
2016/6/16,161.5,162.5,159.5,160.5,36957
2016/6/17,162.5,164.5,162,163,31326
2016/6/20,164.5,165,163,163,24949
2016/6/21,164,165.5,163.5,165.5,28042
2016/6/22,164.5,166,163.5,166,30409
2016/6/23,165.5,166,164,164,22592
2016/6/24,164,164,154.5,159,86994
2016/6/27,154.5,156,154,155.5,43401
2016/6/28,155.5,157.5,155,157,39095
2016/6/29,158.5,160,158,159,32131
2016/6/30,161,163,159.5,162.5,42854
2016/7/1,164.5,166,163.5,166,36577
2016/7/4,165.5,166.5,164.5,166,25968
2016/7/5,165,165.5,164,164,16422
2016/7/6,163,163,160.5,161.5,35100
2016/7/7,163.5,165,163,164.5,24442
2016/7/11,170,170.5,168.5,170,53434
2016/7/12,171,171.5,169.5,171,42128
2016/7/13,169.5,170,167,168.5,51719
2016/7/14,167,170,167,169,36131
2016/7/15,168,169.5,166.5,169.5,41822
2016/7/18,168,170,168,169.5,24774
2016/7/19,170.5,170.5,169,170.5,43707
2016/7/20,170,170.5,169,170,39076
2016/7/21,171,172,170,172,35220
2016/7/22,172,172,170.5,171,29804
2016/7/25,172,173,169,171.5,27180
2016/7/26,172,173,171.5,173,32736
2016/7/27,175,176,174.5,175,36108
2016/7/28,175,176.5,173,176.5,31138
2016/7/29,177,177,172.5,172.5,30008
2016/8/1,175,177,174.5,177,34703
2016/8/2,177.5,177.5,175.5,176,15366
2016/8/3,172.5,174,172,172.5,21652
2016/8/4,173,174.5,172.5,174.5,14292
2016/8/5,175,177.5,174,177,25803
2016/8/8,178,178,176.5,178,16241
2016/8/9,178.5,179.5,177,178.5,16443
2016/8/10,179,179.5,178,179.5,19307
2016/8/11,177.5,178,175.5,176.5,28216
2016/8/12,178.5,178.5,177,177.5,23986
2016/8/15,178.5,179,177.5,179,13660
2016/8/16,178,179,175,175.5,34284
2016/8/17,177,177.5,176,177,24169
2016/8/18,176,176.5,175,176,27899
2016/8/19,177,177.5,174,174.5,23496
2016/8/22,173,174,171.5,173,21822
2016/8/23,174,175,173.5,174,21467
2016/8/24,175,175.5,173.5,173.5,12532
2016/8/25,175,177,174.5,177,23973
2016/8/26,175,177,175,177,15804
2016/8/29,175,177,174,176.5,16967
2016/8/30,176,176.5,174,174.5,19752
2016/8/31,176.5,177,174.5,176,42461
2016/9/1,176,176,173,173.5,26101
2016/9/2,176.5,176.5,174,174.5,19489
2016/9/5,176.5,177.5,176.5,176.5,27982
2016/9/6,177,179,176.5,179,29646
2016/9/7,180.5,185,180,184,50851
2016/9/8,182.5,184.5,182.5,183,30307
2016/9/9,181,181,179.5,179.5,30635
2016/9/10,177,179,176,178,15470
2016/9/12,177.5,177.5,174,175,42751
2016/9/13,176.5,176.5,173.5,175,38438
2016/9/14,174,176,173.5,173.5,52966
2016/9/19,179.5,183,178.5,182.5,57296
2016/9/20,182,183.5,181.5,183,23647
2016/9/21,181,184,180.5,184,26261
2016/9/22,185,185.5,183.5,185.5,21213
2016/9/23,185,187.5,184.5,187.5,23141
2016/9/26,183.5,185,183,183,25218
2016/9/29,185.5,187.5,185.5,185.5,57778
2016/9/30,185.5,186.5,182.5,182.5,45163
2016/10/3,186,186.5,184.5,186,18987
2016/10/4,185,187,185,187,17139
2016/10/5,186,186,184.5,186,19144
2016/10/6,185,187.5,185,187.5,15715
2016/10/7,188,188,186,188,15870
2016/10/11,191,191,186,187.5,31107
2016/10/12,186.5,190,186,189.5,24592
2016/10/13,190.5,191,187,188.5,40728
2016/10/14,187,189,186.5,188,34340
2016/10/17,186.5,187.5,185,186.5,37878
2016/10/18,186.5,187,185.5,187,40651
2016/10/19,187.5,189.5,187.5,189.5,38143
2016/10/20,189.5,190.5,189,190.5,15736
2016/10/21,191,192,188.5,188.5,22316
2016/10/24,191,191,189.5,191,14381
2016/10/25,192,193,191,193,19145
2016/10/26,190.5,192.5,190.5,191.5,24885
2016/10/27,191.5,191.5,188.5,188.5,26883
2016/10/28,189.5,190,188.5,189.5,33106
2016/10/31,189,190.5,186.5,188.5,25830
2016/11/1,188.5,189.5,187.5,189.5,15128
2016/11/2,187.5,188,186,186,16529
2016/11/3,185.5,186.5,184.5,184.5,25531
2016/11/4,184.5,186,184,184.5,15107
2016/11/7,186.5,189,186,189,21430
2016/11/8,190,190,188,188.5,15954
2016/11/9,190,190.5,182,182,55579
2016/11/10,187,188,185.5,185.5,38869
2016/11/11,181.5,183,181,181.5,67636
2016/11/14,181,182,180,180.5,48032
2016/11/15,179.5,182,179,180,33528
2016/11/16,180.5,183,180,180,35293
2016/11/17,182,182.5,180.5,181.5,23256
2016/11/18,181.5,181.5,180,181,23731
2016/11/21,180.5,181.5,180,181,15622
2016/11/22,182,185,181.5,184,31348
2016/11/23,184.5,186.5,184,185.5,23068
2016/11/24,184,185,183,183,19098
2016/11/25,182.5,183.5,182,182,10226
2016/11/28,181.5,184,181.5,184,22360
2016/11/29,183.5,185,182,182,26894
2016/11/30,181.5,183,181.5,183,54053
2016/12/1,182,183,181.5,183,13923
2016/12/2,179,179.5,178,178,53946
2016/12/5,178,180,178,179,32249
2016/12/6,181,183,180.5,182,27728
2016/12/7,183,183.5,181.5,181.5,14529
2016/12/8,184,185.5,183,185.5,27276
2016/12/9,186,186,184.5,186,24890
2016/12/12,186,187,184,185,18817
2016/12/13,186.5,186.5,184.5,186,23692
2016/12/14,186.5,187.5,185.5,187.5,16768
2016/12/15,185,187.5,184.5,187,24244
2016/12/16,185.5,187,185,185,36266
2016/12/19,184,184.5,182.5,182.5,20553
2016/12/20,181,182.5,180,182.5,24243
2016/12/21,181,182,180,180,32234
2016/12/22,180,180.5,179,179,26509
2016/12/23,179,180,178.5,178.5,24376
2016/12/26,179,180,179,179.5,5694
2016/12/27,180,180.5,179.5,180,8276
2016/12/28,181,182,180.5,182,21441
2016/12/29,180,181.5,180,180,30211
2016/12/30,181,182.5,180,181.5,36748
2017/1/3,181.5,183.5,181,183,23550
2017/1/4,183,184,181.5,183,24482
2017/1/5,182,183.5,181.5,183.5,21373
2017/1/6,184,184.5,183.5,184,23120
2017/1/9,184,185,183,184,18583
2017/1/10,184.5,185.5,183.5,184,20691
2017/1/11,185,185,181.5,182,29747
2017/1/12,182.5,185.5,182.5,184.5,48599
2017/1/13,180.5,182.5,180.5,181.5,53089
2017/1/16,180,180.5,179,179.5,30878
2017/1/17,180.5,181,179.5,181,13207
2017/1/18,180.5,181,179.5,181,23810
2017/1/19,179.5,181,179.5,180.5,25935
2017/1/20,181,181.5,180.5,181,42317
2017/1/23,182.5,185,182.5,185,58299
2017/1/24,185,186.5,184.5,185.5,72014
2017/2/2,188,188.5,184,184.5,153703
2017/2/3,186,186,183.5,184.5,30387
2017/2/6,184.5,185.5,184,184.5,29702
2017/2/7,183.5,185,183,184.5,23981
2017/2/8,183.5,184.5,183,183.5,45607
2017/2/9,184,185.5,183.5,184,23419
2017/2/10,184.5,185.5,184,185.5,49257
2017/2/13,186.5,188,186.5,187.5,26155
2017/2/14,189,190,187.5,187.5,46716
2017/2/15,187,189.5,186.5,189,39928
2017/2/16,190,190.5,188,189,28371
2017/2/17,190,190.5,189,189.5,20407
2017/2/18,190,190.5,189.5,189.5,3517
2017/2/20,190,190.5,189.5,190,13280
2017/2/21,190,190,188.5,190,31987
2017/2/22,190.5,191,188.5,188.5,26144
2017/2/23,188,189.5,187,188.5,36095
2017/2/24,187.5,190.5,187.5,189,26177
2017/3/1,188.5,188.5,186,186,48263
2017/3/2,188,188.5,185,186,40879
2017/3/3,184.5,185,184,184,28213
2017/3/6,184,184.5,183.5,183.5,12633
2017/3/7,184,185.5,184,185.5,22816
2017/3/8,186,188,185.5,187,38657
2017/3/9,185.5,186,184,184.5,31119
2017/3/10,184,184.5,183,183.5,24886
2017/3/13,185,186.5,185,186.5,11025
2017/3/14,188,188,186,186,24373
2017/3/15,185.5,187,185.5,186.5,14147
2017/3/16,188,190,188,190,32452
2017/3/17,189.5,191.5,189,191.5,38698
2017/3/20,191.5,191.5,189.5,191.5,16531
2017/3/21,192,195,191.5,195,33662
2017/3/22,192.5,193.5,191.5,193.5,27766
2017/3/23,192,193.5,192,193.5,18831
2017/3/24,192,193,192,192.5,17722
2017/3/27,194.5,194.5,192,193,29867
2017/3/28,195,195,192.5,194.5,39522
2017/3/29,194.5,194.5,191,191.5,33839
2017/3/30,192.5,193,190.5,191.5,30716
2017/3/31,191,192,189,189,33996
2017/4/5,189.5,193,189.5,193,45116
2017/4/6,193,193,191,191.5,17417
2017/4/7,192,192,188.5,191,19066
2017/4/10,191,191.5,189.5,190,17388
2017/4/11,190,191,189,191,9788
2017/4/12,190.5,191.5,190,191,17418
2017/4/13,189.5,192,189.5,191.5,14796
2017/4/14,189.5,189.5,188,189,31317
2017/4/17,189,189,187.5,187.5,17111
2017/4/18,188,189.5,187.5,188,28732
2017/4/19,187.5,187.5,186.5,186.5,31171
2017/4/20,186.5,188,186.5,187,32697
2017/4/21,187.5,190,187.5,190,19034
2017/4/24,191,191.5,188.5,190,29572
2017/4/25,190.5,192,189.5,192,31952
2017/4/26,192,192,190.5,191,31119
2017/4/27,192,193,190.5,193,35812
2017/4/28,193.5,194.5,193,194.5,38381
2017/5/2,198.5,199,195.5,196.5,45851
2017/5/3,198,198.5,197,198,27240
2017/5/4,198.5,199,197,198,22194
2017/5/5,197,198.5,197,197.5,17618
2017/5/8,199,202.5,199,202.5,39591
2017/5/9,205.5,207,203.5,203.5,48285
2017/5/10,204,206,204,205.5,31075
2017/5/11,204.5,208.5,204,207.5,44286
2017/5/12,205,207,205,206,25507
2017/5/15,204,206,204,206,25922
2017/5/16,205,205,203.5,204.5,36604
2017/5/17,203,204,203,204,22606
2017/5/18,202.5,204,201.5,203.5,22490
2017/5/19,203.5,204.5,202.5,203,17163
2017/5/22,203.5,205,203,205,17419
2017/5/23,205,207,204.5,205,23028
2017/5/24,205,206,205,205.5,18307
2017/5/25,206,207,205.5,207,26088
2017/5/26,205,207,205,207,32976
2017/5/31,206.5,207,203,203,67935
2017/6/1,205,207,204.5,207,29623
2017/6/2,208.5,209,207.5,209,23265
2017/6/3,209,209,208,209,1535
2017/6/5,209.5,212,209,212,22545
2017/6/6,210.5,211.5,210.5,210.5,15382
2017/6/7,212,212.5,210,211.5,34729
2017/6/8,212,213,211.5,213,21654
2017/6/9,214.5,215,212,212,35190
2017/6/12,207,210,207,207.5,63111
2017/6/13,207,208.5,206.5,208,49983
2017/6/14,208.5,209.5,206,207,39083
2017/6/15,207.5,208,207,208,19486
2017/6/16,207.5,212,207,211.5,32856
2017/6/19,211,213,210.5,213,17489
2017/6/20,215,218,214.5,216.5,28784
2017/6/21,216,217,214.5,215.5,45384
2017/6/22,217,218,216.5,218,26094
2017/6/23,218,218.5,217,217,39686
2017/6/26,212,215,212,215,60140
2017/6/27,214,214,211,211.5,44504
2017/6/28,209.5,210,208,208.5,52273
2017/6/29,210.5,210.5,208.5,210,27049
2017/6/30,206.5,208.5,206.5,208.5,31709
2017/7/3,207.5,209,207,209,21066
2017/7/4,208,208.5,207,207,21592
2017/7/5,207,208.5,206.5,208.5,23463
2017/7/6,208,208.5,207,207.5,15260
2017/7/7,207,207.5,205.5,206,21567
2017/7/10,206.5,207,206,206,13326
2017/7/11,208,212,207.5,212,34593
2017/7/12,211,212.5,210.5,210.5,26887
2017/7/13,212,216,211.5,214.5,50136
2017/7/14,213,214.5,212,213,22364
2017/7/17,215,215.5,211.5,213,21400
2017/7/18,213,214,212,214,18756
2017/7/19,212.5,215,212.5,214.5,20661
2017/7/20,215,215.5,214,215.5,20795
2017/7/21,214,215,213.5,214,15422
2017/7/24,213.5,214.5,213,214.5,20002
2017/7/25,214,214.5,213.5,214,13853
2017/7/26,215,215,212.5,213,15900
2017/7/27,213.5,216,213.5,215.5,23045
2017/7/28,213,214,212.5,213,21121
2017/7/31,211.5,214.5,211.5,214.5,20363
2017/8/1,212.5,214,212,212,20314
2017/8/2,214,216,214,216,30528
2017/8/3,213,214,212.5,213.5,27097
2017/8/4,213.5,214,212.5,213,22187
2017/8/7,213.5,216.5,213.5,216,21594
2017/8/8,217.5,219,216,217.5,25223
2017/8/9,215,215.5,213.5,214.5,28129
2017/8/10,215.5,215.5,212.5,214,27440
2017/8/11,211,213.5,210.5,212.5,41592
2017/8/14,213.5,214,210,211,29414
2017/8/15,213,214.5,213,214,14385
2017/8/16,214.5,214.5,211,213,25206
2017/8/17,213.5,214,213,214,8353
2017/8/18,212,213,211,212.5,14363
2017/8/21,212.5,213,211.5,211.5,13847
2017/8/22,213.5,214.5,213,214.5,17330
2017/8/23,215.5,216,214,215.5,11757
2017/8/24,216,217,215.5,217,15426
2017/8/25,217.5,217.5,216,217.5,10975
2017/8/28,215,216.5,215,216,16512
2017/8/29,216,216,215,216,16561
2017/8/30,216,218,216,217.5,19674
2017/8/31,217.5,218,215.5,216.5,26945
2017/9/1,215,217.5,215,216.5,17805
2017/9/4,216.5,218,215.5,217.5,15053
2017/9/5,218,218,216.5,218,34514
2017/9/6,216.5,218,216,217,28148
2017/9/7,218,218.5,216,217,19198
2017/9/8,217,218,216.5,218,25512
2017/9/11,219,219.5,216.5,217,19387
2017/9/12,219,219.5,217.5,219,24862
2017/9/13,217.5,219,217.5,218,18336
2017/9/14,218.5,219,217.5,218.5,21508
2017/9/15,218.5,219,217,218.5,48901
2017/9/18,219,220,218,219.5,17812
2017/9/19,221.5,221.5,220,221.5,26255
2017/9/20,221,222,220,221.5,23434
2017/9/21,221,223,220,221,18645
2017/9/22,221.5,222,218.5,218.5,22456
2017/9/25,217.5,218.5,217,217,17458
2017/9/26,217.5,218,214,214,25003
2017/9/27,217.5,217.5,215,215,24794
2017/9/28,215,216,213.5,214,31616
2017/9/29,216,217.5,215.5,216.5,23954
2017/9/30,218,218.5,216.5,216.5,4254
2017/10/2,219.5,220.5,218.5,220.5,28360
2017/10/3,219,223,219,222.5,38330
2017/10/5,222,225.5,222,224.5,25397
2017/10/6,225,225.5,223.5,224.5,16040
2017/10/11,226.5,233.5,226.5,233,67649
2017/10/12,235,237.5,234.5,237.5,44176
2017/10/13,237.5,237.5,234.5,237.5,23145
2017/10/16,237.5,238,236,238,20673
2017/10/17,238,238,235,235.5,17652
2017/10/18,239.5,239.5,237,237.5,28970
2017/10/19,239.5,241.5,239,239,23481
2017/10/20,238,239.5,237.5,237.5,27056
2017/10/23,239,240,238.5,239,15959
2017/10/24,240,240,238,238,16100
2017/10/25,238.5,239,237.5,238,17205
2017/10/26,237,238,236,236,12959
2017/10/27,237.5,240,237.5,239,18040
2017/10/30,242,245,241.5,243,30241
2017/10/31,243.5,245,241.5,243,22582
2017/11/1,243.5,245,241.5,242.5,20465
2017/11/2,242,242.5,240.5,241,16309
2017/11/3,240.5,241,238.5,239,18327
2017/11/6,243.5,244,239,239.5,21029
2017/11/7,242,244,241.5,244,21689
2017/11/8,243,243.5,242,242.5,14579
2017/11/9,240.5,243,240,241,21366
2017/11/10,240,242,239.5,240.5,15061
2017/11/13,240,241.5,239.5,239.5,12087
2017/11/14,241,241,239,240,17229
2017/11/15,239,239.5,236,237.5,29720
2017/11/16,238,240,237.5,238,17274
2017/11/17,240.5,242.5,240.5,241.5,18741
2017/11/20,241,241.5,238,238.5,19811
2017/11/21,240,243,239.5,243,22878
2017/11/22,244.5,244.5,242,242,27251
2017/11/23,242,243.5,241.5,242.5,9562
2017/11/24,242,244.5,241.5,244,11404
2017/11/27,240,240,237,237,32247
2017/11/28,234.5,235,233,234,47834
2017/11/29,235,236,234.5,234.5,26535
2017/11/30,226.5,230.5,226,226,112262
2017/12/1,228.5,233.5,227.5,231,38356
2017/12/4,232.5,234.5,231,234,22939
2017/12/5,231,231,228.5,229.5,30189
2017/12/6,228,229.5,226.5,227,34031
2017/12/7,226.5,226.5,222.5,226.5,41619
2017/12/8,231,231,224.5,227,38183
2017/12/11,228.5,229,227,227.5,20649
2017/12/12,229.5,229.5,225,227.5,28188
2017/12/13,227.5,228,226.5,227,19619
2017/12/14,228,230.5,227.5,230.5,17263
2017/12/15,228.5,230,226.5,230,42725
2017/12/18,227,228,226.5,227,15702
2017/12/19,226.5,228.5,224,225,25899
2017/12/20,225,225.5,223.5,224.5,34514
2017/12/21,226.5,227,224.5,225,20826
2017/12/22,225,227.5,224,227.5,19106
2017/12/25,228,229.5,226.5,228.5,4579
2017/12/26,229,229,225,226,13755
2017/12/27,225,226,225,225,12515
2017/12/28,226.5,228,225,226,24370
2017/12/29,227.5,230,226.5,229.5,25610
2018/1/2,231.5,232.5,231,232.5,18055
2018/1/3,236,238,235.5,237,31706
2018/1/4,240,240,236.5,239.5,29179
2018/1/5,240,240,238,240,23721
2018/1/8,242,242.5,240.5,242,21846
2018/1/9,242,242,239.5,242,19043
2018/1/10,241.5,242,236,236.5,25716
2018/1/11,235,236,232.5,235,32070
2018/1/12,234.5,238,233.5,237,23141
2018/1/15,240,240,238,240,28576
2018/1/16,240,240.5,238,240.5,23407
2018/1/17,240.5,243,239,242,38118
2018/1/18,245,250,245,248.5,50119
2018/1/19,253.5,255.5,251.5,255.5,55061
2018/1/22,257.5,262,257,261.5,45907
2018/1/23,262.5,266,262.5,266,34606
2018/1/24,263,263,256.5,258,42600
2018/1/25,258,264,256.5,258,46214
2018/1/26,256.5,257.5,253.5,255,43514
2018/1/29,259,261.5,255,258.5,31306
2018/1/30,256,257.5,252.5,253,37410
2018/1/31,253,257.5,252,255,45807
2018/2/1,257.5,261,257,259.5,30900
2018/2/2,259,260,255,259.5,25707
2018/2/5,251,254.5,250.5,253,46554
2018/2/6,242.5,243.5,234,239,104448
2018/2/7,245,245.5,239.5,240,82299
2018/2/8,239.5,242,238,238.5,31192
2018/2/9,230,233,228.5,232.5,65939
2018/2/12,235.5,237.5,235,236.5,42917
2018/2/21,244.5,244.5,242,242.5,76396
2018/2/22,244,244,239,239.5,45492
2018/2/23,241,245,241,245,26985
2018/2/26,247,247.5,245,246.5,36165
2018/2/27,250.5,250.5,246,246,44699
2018/3/1,244,245,242,243,43847
2018/3/2,240,241,238.5,240,35289
2018/3/5,242.5,243,240.5,241.5,27337
2018/3/6,245.5,250,245.5,250,36945
2018/3/7,248,248.5,246,247,30391
2018/3/8,249.5,251.5,249,249.5,20645
2018/3/9,250,251,248.5,250.5,22887
2018/3/12,252,255,251.5,254,25100
2018/3/13,255.5,259,255,259,34264
2018/3/14,256.5,257.5,255.5,257,24254
2018/3/15,258,258,255,255,19396
2018/3/16,253,256,249.5,255,62989
2018/3/19,252.5,255.5,251,255,22440
2018/3/20,253,254,251.5,253,22335
2018/3/21,255,255,251,252.5,32977
2018/3/22,254.5,254.5,249.5,251.5,27000
2018/3/23,245,247,244,245,52974
2018/3/26,241.5,244.5,241.5,243.5,39487
2018/3/27,248,251,247,251,31100
2018/3/28,247.5,248,244,245,29924
2018/3/29,243,247,242.5,244,36427
2018/3/30,247.5,249.5,246,246,16996
2018/3/31,247.5,249,246.5,247.5,3603
2018/4/2,248.5,249,245,246.5,19029
2018/4/3,243,244.5,242,244,35813
2018/4/9,248,248,243.5,245,35465
2018/4/10,244.5,249,243.5,245.5,25268
2018/4/11,246.5,248.5,246.5,248,21777
2018/4/12,248.5,248.5,244,245,20476
2018/4/13,246,246,244,244.5,19946
2018/4/16,243,244,242,243.5,21608
2018/4/17,243,243.5,237.5,238,42756
2018/4/18,239.5,241.5,236.5,238,44768
2018/4/19,242,244.5,241,244.5,33230
2018/4/20,228,231.5,228,229,129890
2018/4/23,226.5,227.5,225,226.5,71901
2018/4/24,225,227.5,225,227,45206
2018/4/25,225.5,226,224,225,48975
2018/4/26,225,225.5,221,222,48176
2018/4/27,225,225.5,221,223.5,34443
2018/4/30,224.5,228,222.5,227,28500
2018/5/2,227,227.5,222.5,223,38436
2018/5/3,221,222.5,220,220.5,33507
2018/5/4,221,224,220.5,223,28477
2018/5/7,225,225.5,221.5,223.5,23751
2018/5/8,224,228.5,223.5,228,40324
2018/5/9,228.5,232,228.5,229.5,35597
2018/5/10,231,231.5,229,229.5,27530
2018/5/11,232,234,230.5,233,30693
2018/5/14,234.5,234.5,232.5,233,23577
2018/5/15,233.5,234,229.5,230.5,23771
2018/5/16,229.5,230.5,228.5,230.5,14834
2018/5/17,231,231.5,226.5,226.5,27702
2018/5/18,225.5,227.5,223.5,223.5,28187
2018/5/21,225,230,225,229,16417
2018/5/22,230,233.5,229,229,22422
2018/5/23,231.5,231.5,228.5,228.5,26737
2018/5/24,229.5,230,228.5,229,13450
2018/5/25,228.5,229.5,228,228.5,16486
2018/5/28,229.5,230,226.5,227,17673
2018/5/29,226.5,226.5,223.5,225,25770
2018/5/30,224,224,220.5,221,49667
2018/5/31,221.5,224,220.5,224,96587
2018/6/1,224.5,226.5,224,224,36652
2018/6/4,227.5,229,227,229,31257
2018/6/5,230,230,226.5,229,27714
2018/6/6,229,230,227,230,30375
2018/6/7,231,231.5,228,230,25277
2018/6/8,229,229,226,227,24192
2018/6/11,226.5,227,225,226,22028
2018/6/12,225,229,224,229,30189
2018/6/13,229,232,228,232,36081
2018/6/14,230,230,226.5,226.5,36932
2018/6/15,225,231,224,231,49506
2018/6/19,225.5,226,224,225,61142
2018/6/20,224.5,227.5,223.5,226,40708
2018/6/21,227.5,228,226,226.5,32572
2018/6/22,224.5,227.5,224,227.5,44211
2018/6/25,220,220.5,218,218,49058
2018/6/26,215.5,216,212.5,214.5,43080
2018/6/27,216,216,212.5,213,40863
2018/6/28,211,214.5,210,212,38816
2018/6/29,212,217,212,216.5,36848
2018/7/2,218.5,219,214,214,33496
2018/7/3,215.5,218,213.5,214.5,28663
2018/7/4,217,217.5,215.5,216,15359
2018/7/5,214,215,213,214.5,18225
2018/7/6,217.5,217.5,215,217,31344
2018/7/9,219.5,223,218.5,221.5,41165
2018/7/10,223,224,222,222,20196
2018/7/11,220,220,218,220,19854
2018/7/12,218,222,218,220.5,23806
2018/7/13,222.5,224.5,222.5,224.5,30419
2018/7/16,224.5,225,223.5,223.5,16107
2018/7/17,222.5,223.5,221,221.5,22554
2018/7/18,223,224,222,223,45802
2018/7/19,225.5,227,224.5,224.5,43976
2018/7/20,235,237.5,233,237.5,103652
2018/7/23,239,245,238.5,241,52269
2018/7/24,240,241.5,238.5,241,27468
2018/7/25,239,241,239,240.5,21530
2018/7/26,241,242.5,239.5,241,30856
2018/7/27,242,244.5,241,244.5,27129
2018/7/30,244.5,245.5,244,245.5,22803
2018/7/31,243.5,246,242,246,28202
2018/8/1,247,248,246.5,248,29777
2018/8/2,249,249.5,243.5,244.5,22775
2018/8/3,246,248,245,247,25165
2018/8/6,245,247,244,245.5,22364
2018/8/7,245,245.5,241.5,241.5,24352
2018/8/8,245,247.5,244.5,247.5,24382
2018/8/9,247,248,246,247,15128
2018/8/10,246.5,247,244.5,245,16125
2018/8/13,241.5,243,239,240.5,17881
2018/8/14,245,245,242.5,243.5,17488
2018/8/15,244.5,244.5,239.5,241.5,19236
2018/8/16,238,241.5,238,239,19155
2018/8/17,239.5,241,239,239.5,19634
2018/8/20,239.5,240,238,239.5,17014
2018/8/21,239,241,238.5,241,13871
2018/8/22,241.5,242.5,240.5,242,12679
2018/8/23,243,244.5,243,244.5,17216
2018/8/24,245.5,246,243,243.5,15446
2018/8/27,246,246.5,244.5,245,15579
2018/8/28,248.5,250,248,249.5,40410
2018/8/29,253.5,259,253.5,259,57633
2018/8/30,264.5,268,262.5,263.5,52622
2018/8/31,257.5,259,254,256,70000
2018/9/3,259,260,256.5,257,34510
2018/9/4,258.5,259.5,255.5,257.5,41455
2018/9/5,260,264.5,259,264,52706
2018/9/6,268,268,261,261,39779
2018/9/7,263,264,260.5,264,44746
2018/9/10,266.5,266.5,262.5,264.5,62851
2018/9/11,263,263.5,258,260,44981
2018/9/12,261,262,258,260.5,38415
2018/9/13,260,260,253.5,255,37959
2018/9/14,257,261.5,257,261,40034
2018/9/17,262.5,262.5,257,258,25041
2018/9/18,256.5,257,254,254.5,34381
2018/9/19,258,260,257,258,69978
2018/9/20,261.5,261.5,257.5,260,35577
2018/9/21,261.5,261.5,258,261.5,36500
2018/9/25,261.5,264,260.5,263.5,24978
2018/9/26,263,263.5,261,263.5,25061
2018/9/27,264,266,262,265,38495
2018/9/28,266,266,260,262.5,39645
2018/10/1,262,264,261,263,22409
2018/10/2,262,263,257,257.5,38391
2018/10/3,257.5,260,257,260,25228
2018/10/4,257,257.5,254,254,38009
2018/10/5,250,253,248.5,250,40396
2018/10/8,245.5,246.5,241,243.5,51083
2018/10/9,243.5,245,242,244,28933
2018/10/11,233.5,233.5,227,227.5,96033
2018/10/12,231,237,229,237,54439
2018/10/15,234,234,230.5,230.5,46471
2018/10/16,229.5,237,229,237,39129
2018/10/17,241.5,243,238,238.5,42887
2018/10/18,238,239,235.5,236.5,27793
2018/10/19,231,236.5,230,236,29648
2018/10/22,232.5,238,231.5,237,29275
2018/10/23,232,234,230,230,36757
2018/10/24,230,231,227,229.5,45480
2018/10/25,220.5,222,219.5,219.5,75524
2018/10/26,223,224,217,221,54073
2018/10/29,223,224,221,222.5,18463
2018/10/30,221,225,220.5,223,29085
2018/10/31,228,234,228,234,59933
2018/11/1,236,237,233,235.5,44514
2018/11/2,236.5,236.5,233.5,236.5,30785
2018/11/5,233,235.5,232,235,28157
2018/11/6,234,235.5,232.5,234.5,35501
2018/11/7,233,236,232.5,234,39842
2018/11/8,237.5,237.5,236,236.5,28086
2018/11/9,234.5,234.5,231,231,23792
2018/11/12,230,234.5,230,231.5,26202
2018/11/13,224.5,228,224.5,227.5,37565
2018/11/14,230,231,228.5,228.5,24565
2018/11/15,229.5,232,228.5,231,22230
2018/11/16,229,229,225,226,47138
2018/11/19,225,225,221,222,51034
2018/11/20,219,220.5,218,218,45686
2018/11/21,214.5,220,214,219,38478
2018/11/22,221.5,222,219,219,22060
2018/11/23,220.5,220.5,217,218.5,15553
2018/11/26,219,224,218.5,223,35267
2018/11/27,220,224.5,219,224,32676
2018/11/28,222.5,227,222,226.5,24759
2018/11/29,231.5,231.5,229,229,46206
2018/11/30,229.5,231,225.5,225.5,57352
2018/12/3,231,235,231,235,49612
2018/12/4,233,234.5,231,234,41947
2018/12/5,226.5,227.5,225,226,45634
2018/12/6,220,222,219.5,220,40181
2018/12/7,222.5,223.5,220.5,221,31997
2018/12/10,219.5,220,218.5,219,26229
2018/12/11,220,223,219,222.5,27395
2018/12/12,223.5,227,222.5,226.5,32926
2018/12/13,227,227.5,225,226,32433
2018/12/14,223,223.5,220.5,222.5,43226
2018/12/17,221,225,220,223.5,18964
2018/12/18,221,223,220.5,222.5,30270
2018/12/19,222,225.5,222,225.5,23415
2018/12/20,221,222.5,221,221,38697
2018/12/21,219,224,219,223.5,46947
2018/12/22,220,221.5,220,221.5,5185
2018/12/24,221.5,221.5,219.5,220,23376
2018/12/25,215.5,218,215,217.5,19402
2018/12/26,218.5,219.5,216,216.5,16893
2018/12/27,222,224,220.5,223,21915
2018/12/28,223.5,225.5,222.5,225.5,30156
2019/1/2,226.5,226.5,219,219.5,32900
2019/1/3,214,218,214,215.5,34615
2019/1/4,211.5,211.5,206.5,208,67043
2019/1/7,212,214,211,213,35695
2019/1/8,212,212.5,210,211,23794
2019/1/9,212,216.5,211,215.5,51255
2019/1/10,216,216.5,214.5,216,20832
2019/1/11,219,220.5,218,220.5,28658
2019/1/14,218.5,220,217,218.5,17612
2019/1/15,216.5,221,215.5,221,42990
2019/1/16,218.5,220,217.5,217.5,30038
2019/1/17,218,221,218,220.5,21163
2019/1/18,219,220,217.5,218.5,52677
2019/1/21,220,223,220,221,32515
2019/1/22,220,223,219,223,30958
2019/1/23,221.5,222,220,220.5,18671
2019/1/24,222.5,222.5,220.5,222.5,31348
2019/1/25,226.5,227,225,226,48039
2019/1/28,229.5,229.5,228,229,29134
2019/1/29,222.5,225,222,222.5,42566
2019/1/30,220.5,221.5,220,221,51889
2019/2/11,228,229,226.5,228,81360
2019/2/12,230,230,229,230,30125
2019/2/13,232,232,228.5,229,28634
2019/2/14,229.5,230,226,227,23647
2019/2/15,229,229,226.5,227,22369
2019/2/18,229,230.5,228.5,230,18163
2019/2/19,230,230.5,229,229,18423
2019/2/20,231.5,234.5,231,234.5,31887
2019/2/21,235.5,236.5,234.5,236.5,34013
2019/2/22,235.5,236.5,234,236.5,22032
2019/2/25,237.5,239,236,238,25227
2019/2/26,239,240,236.5,239.5,24586
2019/2/27,238.5,239.5,237,239,37947
2019/3/4,239.5,239.5,234.5,235.5,45164
2019/3/5,234,234.5,232.5,233,23708
2019/3/6,235,235.5,233.5,234,20811
2019/3/7,235,235,233,234,17226
2019/3/8,231,231.5,229,230,22535
2019/3/11,228,230.5,227.5,230.5,34282
2019/3/12,233,237,232.5,235.5,23839
2019/3/13,234,237,234,237,22493
2019/3/14,239,239,234,234.5,17281
2019/3/15,237,239.5,235.5,239,34542
2019/3/18,239.5,241,239,241,27040
2019/3/19,239,240.5,238,240.5,14620
2019/3/20,242,242,239.5,242,23055
2019/3/21,242.5,245.5,241,245.5,27514
2019/3/22,248,248.5,244.5,248.5,22996
2019/3/25,240.5,243.5,240.5,241.5,19273
2019/3/26,243,244,241,244,21053
2019/3/27,242,242.5,240.5,241.5,23622
2019/3/28,240.5,242.5,240,242,13998
2019/3/29,243,245.5,240.5,245.5,31024
2019/4/1,251,251,245,245.5,35330
2019/4/2,249.5,249.5,246,246,25189
2019/4/3,249,249,246.5,246.5,28581
2019/4/8,251,253,250.5,253,46426
2019/4/9,253,254,252,254,22745
2019/4/10,253,254.5,252,254,33174
2019/4/11,253,254,251.5,252,25146
2019/4/12,251.5,253,251,252,13888
2019/4/15,255,256,254,255.5,17257
2019/4/16,257,257,255.5,257,20231
2019/4/17,260,263,259.5,261.5,39037
2019/4/18,264,266,263.5,264.5,48525
2019/4/19,269,269.5,263.5,264.5,47698
2019/4/22,266.5,267.5,265,266,24967
2019/4/23,266.5,268,266,268,26251
2019/4/24,270,270,267.5,269,37386
2019/4/25,268.5,269,267,267.5,36572
2019/4/26,262,263,257.5,260,51743
2019/4/29,260,262,258.5,259.5,32651
2019/4/30,260,260.5,258,259,40446
2019/5/2,261.5,262.5,258.5,259,27376
2019/5/3,262,265,260.5,265,30200
2019/5/6,260,260,258,259,33688
2019/5/7,259.5,263,259,262.5,25686
2019/5/8,260,261.5,259.5,260,25902
2019/5/9,259.5,259.5,256,256.5,34166
2019/5/10,257,259,255,256,18868
2019/5/13,253,254,249.5,250.5,29317
2019/5/14,247.5,251,245,248.5,45620
2019/5/15,251,252,249,249,37223
2019/5/16,248.5,249.5,246,247,30331
2019/5/17,249,249,241.5,241.5,40006
2019/5/20,242.5,243,238,238,47097
2019/5/21,233.5,236,232.5,234,82872
2019/5/22,236.5,240.5,235.5,238,36289
2019/5/23,233.5,233.5,230,230,62258
2019/5/24,230,234,230,233,38226
2019/5/27,234,235,231,231,37447
2019/5/28,232,232,230.5,230.5,99322
2019/5/29,228,230.5,227,229.5,32260
2019/5/30,230,231.5,229,231,40375
2019/5/31,232,237.5,231,235.5,49163
2019/6/3,235.5,238.5,232,238,36687
2019/6/4,237.5,238,233,233,24443
2019/6/5,238,238,234,235,35901
2019/6/6,231.5,232,229.5,232,34651
2019/6/10,237.5,240,234.5,240,35521
2019/6/11,240,246,239,244.5,34691
2019/6/12,244.5,247.5,243,246,30409
2019/6/13,242.5,244,240,240,33731
2019/6/14,238.5,239.5,236,236,35403
2019/6/17,231.5,235,230.5,233,51692
2019/6/18,234,235.5,233,235.5,28798
2019/6/19,242.5,244,240.5,244,50234
2019/6/20,242,245.5,241,245,39717
2019/6/21,248,248.5,246,248.5,62136
2019/6/24,241,242,240,241,43460
2019/6/25,241,241.5,237,238.5,29735
2019/6/26,235,236.5,234,234.5,28770
2019/6/27,236,241.5,236,240.5,42007
2019/6/28,241.5,241.5,238,239,28085
2019/7/1,245.5,250,245,248.5,66370
2019/7/2,249.5,250,247.5,249,26832
2019/7/3,244,245,242,242.5,29549
2019/7/4,244.5,245,242.5,244,18691
2019/7/5,244.5,245,241.5,243,27317
2019/7/8,240,244.5,240,242.5,29190
2019/7/9,241.5,243,240.5,242,16538
2019/7/10,243,247,243,247,23812
2019/7/11,250,250,247.5,250,31296
2019/7/12,252,252,249.5,250.5,23868
2019/7/15,251,254.5,249.5,254.5,34264
2019/7/16,254,256.5,253.5,256,26141
2019/7/17,254,254,251,252,34346
2019/7/18,252,254.5,251.5,254,20908
2019/7/19,259.5,261,259,259,59879
2019/7/22,263,264,262,264,31863
2019/7/23,265.5,266.5,262.5,264,29273
2019/7/24,266.5,266.5,263,265,24511
2019/7/25,264,265,261.5,265,30698
2019/7/26,261,262.5,261,261,20768
2019/7/29,260,262,259.5,261,18473
2019/7/30,262.5,263,260,260,22895
2019/7/31,260,260,257,259.5,36365
2019/8/1,257.5,257.5,255.5,256.5,30107
2019/8/2,252,253.5,250.5,251.5,54165
2019/8/5,251,252,245.5,246.5,52835
2019/8/6,240,250,240,248.5,58916
2019/8/7,250,250.5,246.5,248,29435
2019/8/8,248,254,248,253.5,30140
2019/8/12,254.5,254.5,251,251,24732
2019/8/13,249,249.5,246.5,246.5,25045
2019/8/14,252.5,254,249.5,249.5,36336
2019/8/15,247,248.5,246,248,28277
2019/8/16,249.5,252,248,250,25696
2019/8/19,251.5,253,250.5,252,25098
2019/8/20,254,254.5,252.5,254.5,20620
2019/8/21,254.5,255,253,254.5,20269
2019/8/22,257,257.5,254,254,22136
2019/8/23,253.5,254.5,253,254,14772
2019/8/26,249,250.5,248.5,248.5,31740
2019/8/27,250.5,251,248.5,250,53664
2019/8/28,250.5,253,250.5,252,15280
2019/8/29,253,254,251,254,20085
2019/8/30,256.5,259,256,259,35299
2019/9/2,258,258,256,257.5,14776
2019/9/3,256.5,258,253,254,26086
2019/9/4,254,258,254,257.5,23697
2019/9/5,263,263,260.5,263,49041
2019/9/6,265,265,263,263.5,26609
2019/9/9,265.5,266,263.5,265,17317
2019/9/10,263.5,264,260.5,261.5,30019
2019/9/11,264,264.5,260.5,263,36266
2019/9/12,265,265,261.5,262.5,38792
2019/9/16,262,265.5,261.5,265.5,38913
2019/9/17,266.5,266.5,264.5,265,30069
2019/9/18,267,269.5,266.5,267,51360
2019/9/19,268,268,264,265,27165
2019/9/20,266,266.5,264,264,44555
2019/9/23,264,264,263,264,14220
2019/9/24,263.5,265.5,262,265,24304
2019/9/25,262.5,266,262,266,23244
2019/9/26,269,269.5,266.5,268,34128
2019/9/27,271.5,272.5,271,272,44242
2019/10/1,273,280.5,273,280,75248
2019/10/2,280,281,279,279.5,30572
2019/10/3,274,277.5,274,276.5,35874
2019/10/4,279.5,280,275,276.5,35814
2019/10/7,279,279.5,277.5,278,17750
2019/10/8,283.5,286.5,282.5,286.5,39868
2019/10/9,283.5,286,282,282,34895
2019/10/14,291.5,291.5,288.5,290,53403
2019/10/15,293.5,296,292,293.5,54754
2019/10/16,298,298,293.5,296.5,42917
2019/10/17,295,295.5,292,293.5,41920
2019/10/18,293,295.5,291,293,45460
2019/10/21,291,291,288.5,290,35860
2019/10/22,292.5,294,291.5,294,26525
2019/10/23,293.5,293.5,290.5,293,30382
2019/10/24,294.5,294.5,291,293,29040
2019/10/25,294.5,294.5,292.5,293.5,25082
2019/10/28,295,295.5,294,294.5,20216
2019/10/29,297,298.5,296.5,298.5,37130
2019/10/30,298.5,299.5,296.5,299.5,32370
2019/10/31,300,301.5,298.5,298.5,43123
2019/11/1,299.5,299.5,296.5,299,30216
2019/11/4,302.5,308,301,307,45155
2019/11/5,307.5,310.5,307,310.5,32253
2019/11/6,309,311.5,308,311,22149
2019/11/7,310,310,306.5,309,28453
2019/11/8,308.5,309,305.5,305.5,26230
2019/11/11,305,305,300,301,35285
2019/11/12,302.5,305,302,305,19016
2019/11/13,303,304,301.5,304,18422
2019/11/14,304.5,305,302,303.5,15734
2019/11/15,305.5,307.5,304.5,307,29038
2019/11/18,308.5,311,307,311,18741
2019/11/19,312.5,315,311,315,33096
2019/11/20,314,314,312,313.5,24538
2019/11/21,309.5,311,307,311,30163
2019/11/22,310,310.5,308,309,26492
2019/11/25,310.5,310.5,307,307,19855
2019/11/26,310,310.5,307,307,101916
2019/11/27,307.5,311.5,307.5,311,18527
2019/11/28,310,312,308.5,309.5,19718
2019/11/29,309,309.5,305,305,32423
2019/12/2,307,308,306.5,307.5,25516
2019/12/3,305,307,305,307,27686
2019/12/4,305,306,304,306,34911
2019/12/5,309,312,309,312,39349
2019/12/6,315,316,311,313,18402
2019/12/9,314,316.5,314,316,23556
2019/12/10,315,315.5,312.5,313.5,20847
2019/12/11,314,319,313,319,34329
2019/12/12,325,334.5,324,331.5,52801
2019/12/13,340,343,338,339,60843
2019/12/16,336.5,338.5,336,336,48340
2019/12/17,335,345,335,345,41428
2019/12/18,341.5,345,341.5,344.5,42486
2019/12/19,340,342,335,335,55667
2019/12/20,332,333,328.5,329,86280
2019/12/23,329.5,334,329.5,334,26911
2019/12/24,334,334.5,332,332,13783
2019/12/25,332,334.5,331,333,12262
2019/12/26,333,334,331.5,333,11427
2019/12/27,335,338,335,338,16677
2019/12/30,338,339,334,334.5,21591
2019/12/31,331,333.5,331,331,22950
2020/1/2,332.5,339,332.5,339,33282
2020/1/3,344,345,335.5,339.5,42023
2020/1/6,333,334.5,332,332,45677
2020/1/7,332.5,333,326.5,329.5,51746
2020/1/8,325,333,325,329.5,37913
2020/1/9,335,337.5,333.5,337.5,32397
2020/1/10,340.5,341,336,339.5,27880
2020/1/13,342,342,339,341.5,30663
2020/1/14,345.5,346,344.5,346,30368
2020/1/15,345,345,337.5,340,54575
2020/1/16,330,336.5,330,334.5,58217
2020/1/17,334,335.5,332,333,53908
2020/1/20,334,335.5,333,333,35551
2020/1/30,326,326,316.5,316.5,126820
2020/1/31,323,323.5,319,320,62912
2020/2/3,315,316.5,312,315,59711
2020/2/4,319,326,318,325,52208
2020/2/5,329,329.5,324.5,327.5,36601
2020/2/6,329.5,332.5,329,332.5,29659
2020/2/7,330,330.5,326,328,30055
2020/2/10,321.5,328,321,327.5,30814
2020/2/11,330.5,332.5,330,331.5,29062
2020/2/12,333.5,336,333,335,37612
2020/2/13,338,338,335,335,23217
2020/2/14,337,337,334.5,335,18326
2020/2/17,331.5,333,330.5,331.5,16145
2020/2/18,324.5,326.5,322,322,64662
2020/2/19,322.5,327,322,326.5,48856
2020/2/20,328,329,325,325.5,27061
2020/2/21,325.5,326.5,323,325,22974
2020/2/24,319.5,321.5,319.5,320,42946
2020/2/25,320,323.5,317.5,322,38674
2020/2/26,317,320.5,316.5,318.5,60768
2020/2/27,319,320,315,316,62401
2020/3/2,308,317,308,311,86372
2020/3/3,318.5,320,316,317.5,55169
2020/3/4,322,322,317,320.5,44745
2020/3/5,325,326,323,323,38223
2020/3/6,320,320.5,315,315,52807
2020/3/9,307.5,310,305.5,305.5,88633
2020/3/10,301.5,309,301,307,74869
2020/3/11,309,310.5,302,302,64923
2020/3/12,299,299,287,294,114173
2020/3/13,275,294,272.5,290,151268
2020/3/16,285,291,275.5,276.5,103933
2020/3/17,265,276.5,265,268,122409
2020/3/18,269.5,272.5,260,260,118620
2020/3/19,252,253,235.5,248,160811
2020/3/20,258.5,270,256,270,159179
2020/3/23,257,262.5,252,255,76963
2020/3/24,268,274,266,267.5,82377
2020/3/25,276.5,280,274,277,80514
2020/3/26,279.5,280,275.5,280,54189
2020/3/27,284,286,273,273,69320
2020/3/30,263.5,269,262.5,267.5,53403
2020/3/31,273,274,269.5,274,53901
2020/4/1,276.5,276.5,271.5,271.5,47572
2020/4/6,273,275.5,270,275.5,59712
2020/4/7,283.5,284,280.5,283,48887
2020/4/8,285,285.5,283,285,38698
2020/4/9,287.5,288,282.5,283,29276
2020/4/10,280,282,279,279.5,28206
2020/4/13,278.5,281.5,278.5,278.5,22196
2020/4/14,281,285.5,280,285,50196
2020/4/15,287,288.5,286,287.5,58561
2020/4/16,283,288.5,283,286.5,48257
2020/4/17,303.5,308.5,300.5,306.5,117447
2020/4/20,308,309,302.5,304,44586
2020/4/21,300.5,301.5,293.5,295,61949
2020/4/22,294.5,295,290.5,294,43568
2020/4/23,300,300,294,295.5,39977
2020/4/24,295.5,297,294,294,26465
2020/4/27,298,298.5,296,298,38493
2020/4/28,298.5,298.5,294.5,296.5,37621
2020/4/29,299,301.5,298,299,46253
2020/4/30,302,305,301.5,304.5,58439
2020/5/4,294.5,296.5,294,295,72252
2020/5/5,296.5,298,295,295.5,23988
2020/5/6,294.5,296,292.5,296,35704
2020/5/7,294.5,299,294.5,297.5,28017
2020/5/8,300,300,296,297.5,35613
2020/5/11,300,301.5,298.5,301,32379
2020/5/12,297.5,298.5,295,295,52494
2020/5/13,293,297,292.5,297,46158
2020/5/14,293,295,292.5,293,34480
2020/5/15,297.5,298.5,294.5,298,44304
2020/5/18,291,293.5,290,290,96872
2020/5/19,294,294,291.5,291.5,53083
2020/5/20,293,294,291,294,36789
2020/5/21,296,298,295,297.5,36299
2020/5/22,294.5,295,291,292,41138
2020/5/25,290.5,293,288.5,292,32942
2020/5/26,295,297.5,293.5,295.5,35817
2020/5/27,297,298,295.5,296.5,23375
2020/5/28,298.5,298.5,293,294,32395
2020/5/29,292,292.5,290,292,96611
2020/6/1,294,296.5,293.5,295.5,37936
2020/6/2,296,297.5,296,296.5,26663
2020/6/3,300,301,298,301,67894
2020/6/4,305,306,304,306,47225
2020/6/5,308.5,312,308,311.5,44077
2020/6/8,316,319,315,318,52042
2020/6/9,316.5,319,314,319,37068
2020/6/10,319,324,318,322.5,42207
2020/6/11,325.5,327,318.5,320.5,50612
2020/6/12,313,317.5,312.5,316,46970
2020/6/15,316,317.5,308.5,309.5,51032
2020/6/16,317,317,314,315,40725
2020/6/17,316.5,317,313.5,315,34692
2020/6/18,314.5,315,313,314.5,35443
2020/6/19,314,314.5,312,314.5,48130
2020/6/22,314.5,316.5,312,312,37374
2020/6/23,316,316.5,312.5,315,41300
2020/6/24,319,320,316,317.5,55464
2020/6/29,314,315,310,312,56672
2020/6/30,313.5,314,311,313,49241
2020/7/1,315,318,314,317.5,29685
2020/7/2,319,322,318,322,37789
2020/7/3,327,330.5,326.5,329.5,55656
2020/7/6,332.5,338,332,338,57256
2020/7/7,343.5,346,338,338.5,59046
2020/7/8,337.5,342.5,337.5,341,33813
2020/7/9,346,347,343,345,37410
2020/7/10,352.5,353,345.5,348.5,60902
2020/7/13,351,354.5,350.5,354.5,49459
2020/7/14,355,364,354.5,363.5,63030
2020/7/15,366,370,361,363,75105
2020/7/16,359,361,353.5,357.5,68582
2020/7/17,361,369,360,367,66403
